,unique_id,ds,title
0,삼프로TV_경제의신과함께,2020-09-09,0.99989871196
1,삼프로TV_경제의신과함께,2020-09-10,0.9743566045233334
2,삼프로TV_경제의신과함께,2020-09-11,0.92768233457
3,삼프로TV_경제의신과함께,2020-09-13,0.99995927164
4,삼프로TV_경제의신과함께,2020-09-14,0.6668008294513333
5,삼프로TV_경제의신과함께,2020-09-15,0.9993508423966668
6,삼프로TV_경제의신과함께,2020-09-16,0.999958688332
7,삼프로TV_경제의신과함께,2020-09-17,0.9999273413673334
8,삼프로TV_경제의신과함께,2020-09-18,0.999963812759
9,삼프로TV_경제의신과함께,2020-09-20,0.999958056132
10,삼프로TV_경제의신과함께,2020-09-21,0.6681196673993334
11,삼프로TV_경제의신과함께,2020-09-22,0.999723831761
12,삼프로TV_경제의신과함께,2020-09-23,0.99847275478
13,삼프로TV_경제의신과함께,2020-09-24,0.6678280756243334
14,삼프로TV_경제의신과함께,2020-09-25,0.9996593674935
15,삼프로TV_경제의신과함께,2020-09-27,0.999960939433
16,삼프로TV_경제의신과함께,2020-09-28,0.9992306251886666
17,삼프로TV_경제의신과함께,2020-09-29,0.99989503731
18,삼프로TV_경제의신과함께,2020-10-04,0.99930192686
19,삼프로TV_경제의신과함께,2020-10-05,0.9999477622866668
20,삼프로TV_경제의신과함께,2020-10-06,0.9999584206256668
21,삼프로TV_경제의신과함께,2020-10-07,0.9999189750513334
22,삼프로TV_경제의신과함께,2020-10-08,0.9971526500965
23,삼프로TV_경제의신과함께,2020-10-11,0.000534783
24,삼프로TV_경제의신과함께,2020-10-12,0.9994594169713332
25,삼프로TV_경제의신과함께,2020-10-13,0.9999519154843334
26,삼프로TV_경제의신과함께,2020-10-14,0.99551792376
27,삼프로TV_경제의신과함께,2020-10-15,0.999766389286
28,삼프로TV_경제의신과함께,2020-10-16,0.996540432923
29,삼프로TV_경제의신과함께,2020-10-18,0.9999223657
30,삼프로TV_경제의신과함께,2020-10-19,0.9992981439693334
31,삼프로TV_경제의신과함께,2020-10-20,0.9981130674943334
32,삼프로TV_경제의신과함께,2020-10-21,0.9996181607356666
33,삼프로TV_경제의신과함께,2020-10-22,0.9956544581433334
34,삼프로TV_경제의신과함께,2020-10-23,0.995383999123
35,삼프로TV_경제의신과함께,2020-10-25,0.999960850332
36,삼프로TV_경제의신과함께,2020-10-26,0.999948229585
37,삼프로TV_경제의신과함께,2020-10-27,0.9999159626166666
38,삼프로TV_경제의신과함께,2020-10-28,0.95496666726
39,삼프로TV_경제의신과함께,2020-10-29,0.9999253764515
40,삼프로TV_경제의신과함께,2020-10-30,0.70999957877
41,삼프로TV_경제의신과함께,2020-11-01,0.999962077665
42,삼프로TV_경제의신과함께,2020-11-02,0.999935136188
43,삼프로TV_경제의신과함께,2020-11-03,0.9999466936483332
44,삼프로TV_경제의신과함께,2020-11-04,0.99996175926
45,삼프로TV_경제의신과함께,2020-11-05,0.9323049906046668
46,삼프로TV_경제의신과함께,2020-11-06,0.9999352774265
47,삼프로TV_경제의신과함께,2020-11-08,0.999959174334
48,삼프로TV_경제의신과함께,2020-11-09,0.9966770587316668
49,삼프로TV_경제의신과함께,2020-11-10,0.9999050219006668
50,삼프로TV_경제의신과함께,2020-11-11,0.999946906981
51,삼프로TV_경제의신과함께,2020-11-12,0.9991067236166667
52,삼프로TV_경제의신과함께,2020-11-13,0.9615821305
53,삼프로TV_경제의신과함께,2020-11-15,0.9963575673
54,삼프로TV_경제의신과함께,2020-11-16,0.9990082988476666
55,삼프로TV_경제의신과함께,2020-11-17,0.968548175898
56,삼프로TV_경제의신과함께,2020-11-18,0.9984397158393332
57,삼프로TV_경제의신과함께,2020-11-19,0.998638797575
58,삼프로TV_경제의신과함께,2020-11-20,0.99863385
59,삼프로TV_경제의신과함께,2020-11-22,0.9978616861
60,삼프로TV_경제의신과함께,2020-11-23,0.9780588161566668
61,삼프로TV_경제의신과함께,2020-11-24,0.9999319008836666
62,삼프로TV_경제의신과함께,2020-11-25,0.9999457678563334
63,삼프로TV_경제의신과함께,2020-11-26,0.99992735555
64,삼프로TV_경제의신과함께,2020-11-27,0.579356690643
65,삼프로TV_경제의신과함께,2020-11-29,0.0802594192
66,삼프로TV_경제의신과함께,2020-11-30,0.998059165463
67,삼프로TV_경제의신과함께,2020-12-01,0.9981554768743334
68,삼프로TV_경제의신과함께,2020-12-02,0.99994593833
69,삼프로TV_경제의신과함께,2020-12-03,0.999958858742
70,삼프로TV_경제의신과함께,2020-12-04,0.5376379360765
71,삼프로TV_경제의신과함께,2020-12-06,0.998675844906
72,삼프로TV_경제의신과함께,2020-12-07,0.9997922175373332
73,삼프로TV_경제의신과함께,2020-12-08,0.9999343790666666
74,삼프로TV_경제의신과함께,2020-12-09,0.9998258290866668
75,삼프로TV_경제의신과함께,2020-12-10,0.66821199309
76,삼프로TV_경제의신과함께,2020-12-11,0.999260475795
77,삼프로TV_경제의신과함께,2020-12-13,0.99622759
78,삼프로TV_경제의신과함께,2020-12-14,0.9999553448906668
79,삼프로TV_경제의신과함께,2020-12-15,0.9999490386566666
80,삼프로TV_경제의신과함께,2020-12-16,0.9997429474976668
81,삼프로TV_경제의신과함께,2020-12-17,0.9962758342683332
82,삼프로TV_경제의신과함께,2020-12-18,0.999849556901
83,삼프로TV_경제의신과함께,2020-12-20,0.9992070299
84,삼프로TV_경제의신과함께,2020-12-21,0.999089353916
85,삼프로TV_경제의신과함께,2020-12-22,0.9996568811026668
86,삼프로TV_경제의신과함께,2020-12-23,0.6892550463266667
87,삼프로TV_경제의신과함께,2020-12-24,0.99986406912
88,삼프로TV_경제의신과함께,2020-12-27,0.0514343051999999
89,삼프로TV_경제의신과함께,2020-12-28,0.8560394619353334
90,삼프로TV_경제의신과함께,2020-12-29,0.9996013731646666
91,삼프로TV_경제의신과함께,2020-12-30,0.8743859280149999
92,삼프로TV_경제의신과함께,2021-01-03,0.999940521906
93,삼프로TV_경제의신과함께,2021-01-04,0.9990480156833332
94,삼프로TV_경제의신과함께,2021-01-05,0.9999526383016668
95,삼프로TV_경제의신과함께,2021-01-06,0.9999067951433332
96,삼프로TV_경제의신과함께,2021-01-07,0.9993623835423334
97,삼프로TV_경제의신과함께,2021-01-08,0.9995425442615
98,삼프로TV_경제의신과함께,2021-01-10,0.99996305688
99,삼프로TV_경제의신과함께,2021-01-11,0.9991643776266668
100,삼프로TV_경제의신과함께,2021-01-12,0.999956633168
101,삼프로TV_경제의신과함께,2021-01-13,0.99922933455
102,삼프로TV_경제의신과함께,2021-01-14,0.9999408723786668
103,삼프로TV_경제의신과함께,2021-01-15,0.991725868763
104,삼프로TV_경제의신과함께,2021-01-17,0.9998579662
105,삼프로TV_경제의신과함께,2021-01-18,0.667430343991
106,삼프로TV_경제의신과함께,2021-01-19,0.999905740928
107,삼프로TV_경제의신과함께,2021-01-20,0.9999258537533334
108,삼프로TV_경제의신과함께,2021-01-21,0.9999061540543334
109,삼프로TV_경제의신과함께,2021-01-22,0.999918212185
110,삼프로TV_경제의신과함께,2021-01-24,0.9961109505
111,삼프로TV_경제의신과함께,2021-01-25,0.9997783985166668
112,삼프로TV_경제의신과함께,2021-01-26,0.6684559618066667
113,삼프로TV_경제의신과함께,2021-01-27,0.999860855288
114,삼프로TV_경제의신과함께,2021-01-28,0.9999416331
115,삼프로TV_경제의신과함께,2021-01-29,0.999794042303
116,삼프로TV_경제의신과함께,2021-01-31,0.98926554497
117,삼프로TV_경제의신과함께,2021-02-01,0.8629111585066666
118,삼프로TV_경제의신과함께,2021-02-02,0.9591025148176668
119,삼프로TV_경제의신과함께,2021-02-03,0.999698745924
120,삼프로TV_경제의신과함께,2021-02-04,0.9999399633473334
121,삼프로TV_경제의신과함께,2021-02-05,0.9998968573915
122,삼프로TV_경제의신과함께,2021-02-07,0.998474576
123,삼프로TV_경제의신과함께,2021-02-08,0.9999575926483332
124,삼프로TV_경제의신과함께,2021-02-09,0.7527910649563334
125,삼프로TV_경제의신과함께,2021-02-10,0.9999535263375
126,삼프로TV_경제의신과함께,2021-02-14,0.978276654
127,삼프로TV_경제의신과함께,2021-02-15,0.998254541848
128,삼프로TV_경제의신과함께,2021-02-16,0.99995287125
129,삼프로TV_경제의신과함께,2021-02-17,0.980505303676
130,삼프로TV_경제의신과함께,2021-02-18,0.99740226101
131,삼프로TV_경제의신과함께,2021-02-19,0.8136048890925
132,삼프로TV_경제의신과함께,2021-02-21,0.999634553055
133,삼프로TV_경제의신과함께,2021-02-22,0.9941505189253332
134,삼프로TV_경제의신과함께,2021-02-23,0.9999123475
135,삼프로TV_경제의신과함께,2021-02-24,0.9999087639316668
136,삼프로TV_경제의신과함께,2021-02-25,0.9995757048633332
137,삼프로TV_경제의신과함께,2021-02-26,0.909209716675
138,삼프로TV_경제의신과함께,2021-03-01,0.9993390872
139,삼프로TV_경제의신과함께,2021-03-02,0.9999297796893332
140,삼프로TV_경제의신과함께,2021-03-03,0.9999571587273334
141,삼프로TV_경제의신과함께,2021-03-04,0.9999447434933334
142,삼프로TV_경제의신과함께,2021-03-05,0.9999275825215
143,삼프로TV_경제의신과함께,2021-03-07,0.99996060133
144,삼프로TV_경제의신과함께,2021-03-08,0.7643964244456667
145,삼프로TV_경제의신과함께,2021-03-09,0.999919687526
146,삼프로TV_경제의신과함께,2021-03-10,0.8039202393710001
147,삼프로TV_경제의신과함께,2021-03-11,0.9960721157686666
148,삼프로TV_경제의신과함께,2021-03-12,0.9999124952065
149,삼프로TV_경제의신과함께,2021-03-14,0.999963344548
150,삼프로TV_경제의신과함께,2021-03-15,0.9999477892085
151,삼프로TV_경제의신과함께,2021-03-16,0.9996131042843333
152,삼프로TV_경제의신과함께,2021-03-17,0.9992847151533332
153,삼프로TV_경제의신과함께,2021-03-18,0.7532111053243332
154,삼프로TV_경제의신과함께,2021-03-19,0.9999513058685
155,삼프로TV_경제의신과함께,2021-03-21,0.9998296228
156,삼프로TV_경제의신과함께,2021-03-22,0.9999388928806666
157,삼프로TV_경제의신과함께,2021-03-23,0.999955602703
158,삼프로TV_경제의신과함께,2021-03-24,0.9999296966646668
159,삼프로TV_경제의신과함께,2021-03-25,0.9979535425733334
160,삼프로TV_경제의신과함께,2021-03-26,0.99994650208
161,삼프로TV_경제의신과함께,2021-03-28,0.9765392683
162,삼프로TV_경제의신과함께,2021-03-29,0.9991097139633331
163,삼프로TV_경제의신과함께,2021-03-30,0.6786155408856667
164,삼프로TV_경제의신과함께,2021-03-31,0.8356742165516667
165,삼프로TV_경제의신과함께,2021-04-01,0.999826308728
166,삼프로TV_경제의신과함께,2021-04-02,0.9999236845515
167,삼프로TV_경제의신과함께,2021-04-04,0.99933150403
168,삼프로TV_경제의신과함께,2021-04-05,0.99988898728
169,삼프로TV_경제의신과함께,2021-04-06,0.9999480815613332
170,삼프로TV_경제의신과함께,2021-04-07,0.9997639564416666
171,삼프로TV_경제의신과함께,2021-04-08,0.9993775928073332
172,삼프로TV_경제의신과함께,2021-04-09,0.99804394533
173,삼프로TV_경제의신과함께,2021-04-11,0.999784894934
174,삼프로TV_경제의신과함께,2021-04-12,0.67661977774
175,삼프로TV_경제의신과함께,2021-04-13,0.9997823037753334
176,삼프로TV_경제의신과함께,2021-04-14,0.99884707305
177,삼프로TV_경제의신과함께,2021-04-15,0.6677955206466666
178,삼프로TV_경제의신과함께,2021-04-16,0.99973569728
179,삼프로TV_경제의신과함께,2021-04-18,0.02057111848
180,삼프로TV_경제의신과함께,2021-04-19,0.999920581675
181,삼프로TV_경제의신과함께,2021-04-20,0.9999494780906666
182,삼프로TV_경제의신과함께,2021-04-21,0.9995851121133332
183,삼프로TV_경제의신과함께,2021-04-22,0.994655424761
184,삼프로TV_경제의신과함께,2021-04-23,0.9962305939825
185,삼프로TV_경제의신과함께,2021-04-25,0.99996373166
186,삼프로TV_경제의신과함께,2021-04-26,0.9999156190533331
187,삼프로TV_경제의신과함께,2021-04-27,0.99996009164
188,삼프로TV_경제의신과함께,2021-04-28,0.675458919601
189,삼프로TV_경제의신과함께,2021-04-29,0.999946401995
190,삼프로TV_경제의신과함께,2021-04-30,0.9984782876415
191,삼프로TV_경제의신과함께,2021-05-02,0.9991450337
192,삼프로TV_경제의신과함께,2021-05-03,0.7773577590033334
193,삼프로TV_경제의신과함께,2021-05-04,0.9996940858035
194,삼프로TV_경제의신과함께,2021-05-05,0.999928865543
195,삼프로TV_경제의신과함께,2021-05-06,0.9998924444556666
196,삼프로TV_경제의신과함께,2021-05-07,0.999932956376
197,삼프로TV_경제의신과함께,2021-05-09,0.99622781846
198,삼프로TV_경제의신과함께,2021-05-10,0.9973271649483334
199,삼프로TV_경제의신과함께,2021-05-11,0.999940648114
200,삼프로TV_경제의신과함께,2021-05-12,0.984277496499
201,삼프로TV_경제의신과함께,2021-05-13,0.9979912784533336
202,삼프로TV_경제의신과함께,2021-05-14,0.553353120115
203,삼프로TV_경제의신과함께,2021-05-16,0.98996879
204,삼프로TV_경제의신과함께,2021-05-17,0.999956158694
205,삼프로TV_경제의신과함께,2021-05-18,0.999956036336
206,삼프로TV_경제의신과함께,2021-05-19,0.99976355382
207,삼프로TV_경제의신과함께,2021-05-20,0.9999621463106668
208,삼프로TV_경제의신과함께,2021-05-21,0.9852628715
209,삼프로TV_경제의신과함께,2021-05-23,0.999936969635
210,삼프로TV_경제의신과함께,2021-05-24,0.7719178741959999
211,삼프로TV_경제의신과함께,2021-05-25,0.9999463559703332
212,삼프로TV_경제의신과함께,2021-05-26,0.998550964126
213,삼프로TV_경제의신과함께,2021-05-27,0.999941915999
214,삼프로TV_경제의신과함께,2021-05-28,0.997787037364
215,삼프로TV_경제의신과함께,2021-05-30,0.00583900463
216,삼프로TV_경제의신과함께,2021-05-31,0.9999218671293332
217,삼프로TV_경제의신과함께,2021-06-01,0.9999453198326668
218,삼프로TV_경제의신과함께,2021-06-02,0.9994393898646666
219,삼프로TV_경제의신과함께,2021-06-03,0.7049953971616666
220,삼프로TV_경제의신과함께,2021-06-04,0.993540211875
221,삼프로TV_경제의신과함께,2021-06-06,0.6469231873
222,삼프로TV_경제의신과함께,2021-06-07,0.9910727503823334
223,삼프로TV_경제의신과함께,2021-06-08,0.9991416010366666
224,삼프로TV_경제의신과함께,2021-06-09,0.9897869254276668
225,삼프로TV_경제의신과함께,2021-06-10,0.999957463642
226,삼프로TV_경제의신과함께,2021-06-11,0.9998575135865
227,삼프로TV_경제의신과함께,2021-06-13,0.99840212
228,삼프로TV_경제의신과함께,2021-06-14,0.9999436775923334
229,삼프로TV_경제의신과함께,2021-06-15,0.9999467073826668
230,삼프로TV_경제의신과함께,2021-06-16,0.7798315674443334
231,삼프로TV_경제의신과함께,2021-06-17,0.999958929436
232,삼프로TV_경제의신과함께,2021-06-18,0.99601380088
233,삼프로TV_경제의신과함께,2021-06-20,0.99993805785
234,삼프로TV_경제의신과함께,2021-06-21,0.8015368144069999
235,삼프로TV_경제의신과함께,2021-06-22,0.6698062906986667
236,삼프로TV_경제의신과함께,2021-06-23,0.9938461388646668
237,삼프로TV_경제의신과함께,2021-06-24,0.9991078348866664
238,삼프로TV_경제의신과함께,2021-06-25,0.9999353685585
239,삼프로TV_경제의신과함께,2021-06-27,0.07636025686
240,삼프로TV_경제의신과함께,2021-06-28,0.9974707314798
241,삼프로TV_경제의신과함께,2021-06-29,0.999398834995
242,삼프로TV_경제의신과함께,2021-06-30,0.999074562587
243,삼프로TV_경제의신과함께,2021-07-01,0.9999407024616668
244,삼프로TV_경제의신과함께,2021-07-02,0.9997932781725
245,삼프로TV_경제의신과함께,2021-07-04,0.999633122406
246,삼프로TV_경제의신과함께,2021-07-05,0.9994427124686666
247,삼프로TV_경제의신과함께,2021-07-06,0.9999254541216668
248,삼프로TV_경제의신과함께,2021-07-07,0.9641924206366668
249,삼프로TV_경제의신과함께,2021-07-08,0.977319106435
250,삼프로TV_경제의신과함께,2021-07-09,0.9997870783965
251,삼프로TV_경제의신과함께,2021-07-11,0.9999354998
252,삼프로TV_경제의신과함께,2021-07-12,0.9113672722666668
253,삼프로TV_경제의신과함께,2021-07-13,0.999952614624
254,삼프로TV_경제의신과함께,2021-07-14,0.9996546607196668
255,삼프로TV_경제의신과함께,2021-07-15,0.9999230420423334
256,삼프로TV_경제의신과함께,2021-07-16,0.99996129094
257,삼프로TV_경제의신과함께,2021-07-18,0.99994172282
258,삼프로TV_경제의신과함께,2021-07-19,0.9947961028416668
259,삼프로TV_경제의신과함께,2021-07-20,0.7161368095083334
260,삼프로TV_경제의신과함께,2021-07-21,0.70151303478
261,삼프로TV_경제의신과함께,2021-07-22,0.9999281497636666
262,삼프로TV_경제의신과함께,2021-07-23,0.999922089005
263,삼프로TV_경제의신과함께,2021-07-25,0.99995351077
264,삼프로TV_경제의신과함께,2021-07-26,0.9961305133866668
265,삼프로TV_경제의신과함께,2021-07-27,0.9999190899036666
266,삼프로TV_경제의신과함께,2021-07-28,0.6778389590616666
267,삼프로TV_경제의신과함께,2021-07-29,0.9520185948026668
268,삼프로TV_경제의신과함께,2021-07-30,0.8668497369999999
269,삼프로TV_경제의신과함께,2021-08-01,0.99986831054
270,삼프로TV_경제의신과함께,2021-08-02,0.9998852834513332
271,삼프로TV_경제의신과함께,2021-08-03,0.9999595837746668
272,삼프로TV_경제의신과함께,2021-08-04,0.9999443555426666
273,삼프로TV_경제의신과함께,2021-08-05,0.99821125005
274,삼프로TV_경제의신과함께,2021-08-06,0.970522396402
275,삼프로TV_경제의신과함께,2021-08-08,0.99991494614
276,삼프로TV_경제의신과함께,2021-08-09,0.99469173343
277,삼프로TV_경제의신과함께,2021-08-10,0.99989070613
278,삼프로TV_경제의신과함께,2021-08-11,0.7226642689886668
279,삼프로TV_경제의신과함께,2021-08-12,0.999898980398
280,삼프로TV_경제의신과함께,2021-08-13,0.02452760422
281,삼프로TV_경제의신과함께,2021-08-16,0.99988196619
282,삼프로TV_경제의신과함께,2021-08-17,0.7579181975833333
283,삼프로TV_경제의신과함께,2021-08-18,0.9993546778073332
284,삼프로TV_경제의신과함께,2021-08-19,0.6679966820806666
285,삼프로TV_경제의신과함께,2021-08-20,0.999630761205
286,삼프로TV_경제의신과함께,2021-08-22,0.99995820689
287,삼프로TV_경제의신과함께,2021-08-23,0.999891513078
288,삼프로TV_경제의신과함께,2021-08-24,0.9998653999953332
289,삼프로TV_경제의신과함께,2021-08-25,0.9999517666496668
290,삼프로TV_경제의신과함께,2021-08-26,0.6676168261223333
291,삼프로TV_경제의신과함께,2021-08-27,0.999863193485
292,삼프로TV_경제의신과함께,2021-08-29,0.9987219837
293,삼프로TV_경제의신과함께,2021-08-30,0.9999385583573334
294,삼프로TV_경제의신과함께,2021-08-31,0.9887564973723334
295,삼프로TV_경제의신과함께,2021-09-01,0.9998589757033334
296,삼프로TV_경제의신과함께,2021-09-02,0.9997732269553332
297,삼프로TV_경제의신과함께,2021-09-03,0.999952344341
298,삼프로TV_경제의신과함께,2021-09-05,0.999966831066
299,삼프로TV_경제의신과함께,2021-09-06,0.9998898803553334
300,삼프로TV_경제의신과함께,2021-09-07,0.999754974821
301,삼프로TV_경제의신과함께,2021-09-08,0.6949185293646667
302,삼프로TV_경제의신과함께,2021-09-09,0.6897327274
303,삼프로TV_경제의신과함께,2021-09-10,0.9999601355885
304,삼프로TV_경제의신과함께,2021-09-12,0.5681281060000001
305,삼프로TV_경제의신과함께,2021-09-13,0.9998504266663332
306,삼프로TV_경제의신과함께,2021-09-14,0.9952438522033334
307,삼프로TV_경제의신과함께,2021-09-15,0.9949042635266668
308,삼프로TV_경제의신과함께,2021-09-16,0.6667044176000001
309,삼프로TV_경제의신과함께,2021-09-17,0.999947026352
310,삼프로TV_경제의신과함께,2021-09-22,0.999854094627
311,삼프로TV_경제의신과함께,2021-09-23,0.9689982533866668
312,삼프로TV_경제의신과함께,2021-09-24,0.999953864905
313,삼프로TV_경제의신과함께,2021-09-26,0.99840517095
314,삼프로TV_경제의신과함께,2021-09-27,0.99992823267
315,삼프로TV_경제의신과함께,2021-09-28,0.9978627748615
316,삼프로TV_경제의신과함께,2021-09-29,0.999952605912
317,삼프로TV_경제의신과함께,2021-09-30,0.9999288203526668
318,삼프로TV_경제의신과함께,2021-10-01,0.999954596624
319,삼프로TV_경제의신과함께,2021-10-04,0.999967169034
320,삼프로TV_경제의신과함께,2021-10-05,0.9741360779133332
321,삼프로TV_경제의신과함께,2021-10-06,0.996285595824
322,삼프로TV_경제의신과함께,2021-10-07,0.9999076871476666
323,삼프로TV_경제의신과함께,2021-10-08,0.999952404204
324,삼프로TV_경제의신과함께,2021-10-11,0.973054
325,삼프로TV_경제의신과함께,2021-10-12,0.99993001722
326,삼프로TV_경제의신과함께,2021-10-13,0.960576922228
327,삼프로TV_경제의신과함께,2021-10-14,0.5392518433575
328,삼프로TV_경제의신과함께,2021-10-15,0.999962905165
329,삼프로TV_경제의신과함께,2021-10-17,0.584098019027
330,삼프로TV_경제의신과함께,2021-10-18,0.527722469955
331,삼프로TV_경제의신과함께,2021-10-19,0.9999543242435
332,삼프로TV_경제의신과함께,2021-10-20,0.999386040528
333,삼프로TV_경제의신과함께,2021-10-21,0.99995800994
334,삼프로TV_경제의신과함께,2021-10-22,0.9999630827
335,삼프로TV_경제의신과함께,2021-10-24,0.00033606896
336,삼프로TV_경제의신과함께,2021-10-25,0.976061580001
337,삼프로TV_경제의신과함께,2021-10-26,0.99986962948
338,삼프로TV_경제의신과함께,2021-10-27,0.950313717053
339,삼프로TV_경제의신과함께,2021-10-28,0.99993130579
340,삼프로TV_경제의신과함께,2021-10-29,0.938093811661
341,삼프로TV_경제의신과함께,2021-10-31,0.0078791814
342,삼프로TV_경제의신과함께,2021-11-01,0.999934616442
343,삼프로TV_경제의신과함께,2021-11-02,0.99994584994
344,삼프로TV_경제의신과함께,2021-11-03,0.973562059976
345,삼프로TV_경제의신과함께,2021-11-04,0.977246364425
346,삼프로TV_경제의신과함께,2021-11-05,0.999952186046
347,삼프로TV_경제의신과함께,2021-11-07,0.50071325808
348,삼프로TV_경제의신과함께,2021-11-08,0.9996533082
349,삼프로TV_경제의신과함께,2021-11-09,0.9994269133133332
350,삼프로TV_경제의신과함께,2021-11-10,0.999889050614
351,삼프로TV_경제의신과함께,2021-11-11,0.9993071744
352,삼프로TV_경제의신과함께,2021-11-14,0.99992563481
353,삼프로TV_경제의신과함께,2021-11-15,0.999931229021
354,삼프로TV_경제의신과함께,2021-11-16,0.99992102762
355,삼프로TV_경제의신과함께,2021-11-17,0.99992506771
356,삼프로TV_경제의신과함께,2021-11-18,0.999739926165
357,삼프로TV_경제의신과함께,2021-11-19,0.99996156457
358,삼프로TV_경제의신과함께,2021-11-21,0.999955017445
359,삼프로TV_경제의신과함께,2021-11-22,0.9999577468386668
360,삼프로TV_경제의신과함께,2021-11-23,0.9999549001675
361,삼프로TV_경제의신과함께,2021-11-24,0.999961669135
362,삼프로TV_경제의신과함께,2021-11-25,0.6702600202800001
363,삼프로TV_경제의신과함께,2021-11-28,0.6368244465999999
364,삼프로TV_경제의신과함께,2021-11-29,0.99890410591
365,삼프로TV_경제의신과함께,2021-11-30,0.99996836759
366,삼프로TV_경제의신과함께,2021-12-01,0.999961241542
367,삼프로TV_경제의신과함께,2021-12-02,0.8545918886680001
368,삼프로TV_경제의신과함께,2021-12-05,0.998978777174
369,삼프로TV_경제의신과함께,2021-12-06,0.986665075335
370,삼프로TV_경제의신과함께,2021-12-07,0.9999528082935
371,삼프로TV_경제의신과함께,2021-12-08,0.9999585068943334
372,삼프로TV_경제의신과함께,2021-12-09,0.9970578210925
373,삼프로TV_경제의신과함께,2021-12-12,0.99473623
374,삼프로TV_경제의신과함께,2021-12-13,0.99995853543
375,삼프로TV_경제의신과함께,2021-12-14,0.9831044419886666
376,삼프로TV_경제의신과함께,2021-12-15,0.99995670803
377,삼프로TV_경제의신과함께,2021-12-16,0.9998916934165
378,삼프로TV_경제의신과함께,2021-12-17,0.999955212803
379,삼프로TV_경제의신과함께,2021-12-19,0.999847610503
380,삼프로TV_경제의신과함께,2021-12-20,0.9991780963266668
381,삼프로TV_경제의신과함께,2021-12-21,0.999953837625
382,삼프로TV_경제의신과함께,2021-12-22,0.980448795177
383,삼프로TV_경제의신과함께,2021-12-23,0.99934772
384,삼프로TV_경제의신과함께,2021-12-24,0.4898644233999999
385,삼프로TV_경제의신과함께,2021-12-26,0.5797466506815
386,삼프로TV_경제의신과함께,2021-12-27,0.999952412703
387,삼프로TV_경제의신과함께,2021-12-28,0.999889429813
388,삼프로TV_경제의신과함께,2021-12-29,0.9998641968233332
389,삼프로TV_경제의신과함께,2022-01-02,0.99996302002
390,삼프로TV_경제의신과함께,2022-01-03,0.99995181548
391,삼프로TV_경제의신과함께,2022-01-04,0.6668109288653333
392,삼프로TV_경제의신과함께,2022-01-05,0.999951258868
393,삼프로TV_경제의신과함께,2022-01-06,0.9525273477813334
394,삼프로TV_경제의신과함께,2022-01-09,0.02038781188
395,삼프로TV_경제의신과함께,2022-01-10,0.50499442842
396,삼프로TV_경제의신과함께,2022-01-11,0.499934746145
397,삼프로TV_경제의신과함께,2022-01-12,0.99704500323
398,삼프로TV_경제의신과함께,2022-01-13,0.999946352005
399,삼프로TV_경제의신과함께,2022-01-14,0.999949862415
400,삼프로TV_경제의신과함께,2022-01-16,0.5001075428825
401,삼프로TV_경제의신과함께,2022-01-17,0.79473222816
402,삼프로TV_경제의신과함께,2022-01-18,0.99994958098
403,삼프로TV_경제의신과함께,2022-01-19,0.999918776628
404,삼프로TV_경제의신과함께,2022-01-20,0.9997781303476666
405,삼프로TV_경제의신과함께,2022-01-23,0.9999199702
406,삼프로TV_경제의신과함께,2022-01-24,0.470243041365
407,삼프로TV_경제의신과함께,2022-01-25,0.99995961383
408,삼프로TV_경제의신과함께,2022-01-26,0.9999474430695
409,삼프로TV_경제의신과함께,2022-01-27,0.99995502168
410,삼프로TV_경제의신과함께,2022-01-28,0.99967251777
411,삼프로TV_경제의신과함께,2022-02-02,0.9913995
412,삼프로TV_경제의신과함께,2022-02-03,0.9999577449725
413,삼프로TV_경제의신과함께,2022-02-04,0.96062077945
414,삼프로TV_경제의신과함께,2022-02-06,0.8592564069999999
415,삼프로TV_경제의신과함께,2022-02-07,0.9911119757635
416,삼프로TV_경제의신과함께,2022-02-08,0.6992387457485
417,삼프로TV_경제의신과함께,2022-02-09,0.9995112932725
418,삼프로TV_경제의신과함께,2022-02-10,0.992981598035
419,삼프로TV_경제의신과함께,2022-02-11,0.99319223
420,삼프로TV_경제의신과함께,2022-02-13,0.492876406095
421,삼프로TV_경제의신과함께,2022-02-14,0.999768833655
422,삼프로TV_경제의신과함께,2022-02-15,0.9996704041216664
423,삼프로TV_경제의신과함께,2022-02-16,0.7008748574835
424,삼프로TV_경제의신과함께,2022-02-17,0.0012232277699999
425,삼프로TV_경제의신과함께,2022-02-18,0.9993309563
426,삼프로TV_경제의신과함께,2022-02-20,0.99986970854
427,삼프로TV_경제의신과함께,2022-02-21,0.6753130732646667
428,삼프로TV_경제의신과함께,2022-02-22,0.96060752922
429,삼프로TV_경제의신과함께,2022-02-23,0.57129494118
430,삼프로TV_경제의신과함께,2022-02-24,0.999948319663
431,삼프로TV_경제의신과함께,2022-02-25,0.0002540273
432,삼프로TV_경제의신과함께,2022-02-27,0.999918358883
433,삼프로TV_경제의신과함께,2022-02-28,0.860470116
434,삼프로TV_경제의신과함께,2022-03-01,0.95853722
435,삼프로TV_경제의신과함께,2022-03-02,0.999794232042
436,삼프로TV_경제의신과함께,2022-03-03,0.57847058012
437,삼프로TV_경제의신과함께,2022-03-04,0.9974565686
438,삼프로TV_경제의신과함께,2022-03-06,0.00118789508
439,삼프로TV_경제의신과함께,2022-03-07,0.999854331037
440,삼프로TV_경제의신과함께,2022-03-08,0.99516831237
441,삼프로TV_경제의신과함께,2022-03-10,0.9682245864966668
442,삼프로TV_경제의신과함께,2022-03-11,0.99995727526
443,삼프로TV_경제의신과함께,2022-03-13,0.99996049456
444,삼프로TV_경제의신과함께,2022-03-14,0.983318187857
445,삼프로TV_경제의신과함께,2022-03-15,0.480637586475
446,삼프로TV_경제의신과함께,2022-03-16,0.94539355972
447,삼프로TV_경제의신과함께,2022-03-17,0.999956531692
448,삼프로TV_경제의신과함께,2022-03-18,0.99992826151
449,삼프로TV_경제의신과함께,2022-03-20,0.999953807944
450,삼프로TV_경제의신과함께,2022-03-21,0.49804490189
451,삼프로TV_경제의신과함께,2022-03-22,0.999860410075
452,삼프로TV_경제의신과함께,2022-03-23,0.999959066425
453,삼프로TV_경제의신과함께,2022-03-24,0.93424754475
454,삼프로TV_경제의신과함께,2022-03-25,0.9999641637
455,삼프로TV_경제의신과함께,2022-03-27,0.99882957
456,삼프로TV_경제의신과함께,2022-03-28,0.552846934455
457,삼프로TV_경제의신과함께,2022-03-29,0.99874150685
458,삼프로TV_경제의신과함께,2022-03-30,0.9990948608445
459,삼프로TV_경제의신과함께,2022-03-31,0.999588123067
460,삼프로TV_경제의신과함께,2022-04-01,0.905855455047
461,삼프로TV_경제의신과함께,2022-04-03,0.99993659644
462,삼프로TV_경제의신과함께,2022-04-04,0.99982774805
463,삼프로TV_경제의신과함께,2022-04-05,0.995670995955
464,삼프로TV_경제의신과함께,2022-04-06,0.8514890262275001
465,삼프로TV_경제의신과함께,2022-04-07,0.93978950765
466,삼프로TV_경제의신과함께,2022-04-08,0.999942857444
467,삼프로TV_경제의신과함께,2022-04-10,0.999907814372
468,삼프로TV_경제의신과함께,2022-04-11,0.999910412744
469,삼프로TV_경제의신과함께,2022-04-12,0.99909211001
470,삼프로TV_경제의신과함께,2022-04-13,0.99977078546
471,삼프로TV_경제의신과함께,2022-04-14,0.991049642135
472,삼프로TV_경제의신과함께,2022-04-15,0.999965464634
473,삼프로TV_경제의신과함께,2022-04-17,0.99995874088
474,삼프로TV_경제의신과함께,2022-04-18,0.839090688565
475,삼프로TV_경제의신과함께,2022-04-19,0.999721162357
476,삼프로TV_경제의신과함께,2022-04-20,0.5054199314575
477,삼프로TV_경제의신과함께,2022-04-21,0.87264560305
478,삼프로TV_경제의신과함께,2022-04-22,0.3258087501
479,삼프로TV_경제의신과함께,2022-04-24,0.99977068767
480,삼프로TV_경제의신과함께,2022-04-25,0.979730875425
481,삼프로TV_경제의신과함께,2022-04-26,0.68452592715
482,삼프로TV_경제의신과함께,2022-04-27,0.7564638005266667
483,삼프로TV_경제의신과함께,2022-04-28,0.9998443653716668
484,삼프로TV_경제의신과함께,2022-04-29,0.99484777786
485,삼프로TV_경제의신과함께,2022-05-01,0.00215752328
486,삼프로TV_경제의신과함께,2022-05-02,0.9998079036633332
487,삼프로TV_경제의신과함께,2022-05-03,0.9880456585533332
488,삼프로TV_경제의신과함께,2022-05-04,0.9964711832
489,삼프로TV_경제의신과함께,2022-05-05,0.99930234269
490,삼프로TV_경제의신과함께,2022-05-06,0.999947286481
491,삼프로TV_경제의신과함께,2022-05-08,0.99969277691
492,삼프로TV_경제의신과함께,2022-05-09,0.66046244983
493,삼프로TV_경제의신과함께,2022-05-10,0.9728722033066668
494,삼프로TV_경제의신과함께,2022-05-11,0.8261910073233333
495,삼프로TV_경제의신과함께,2022-05-12,0.8447435982466667
496,삼프로TV_경제의신과함께,2022-05-13,0.911450417862
497,삼프로TV_경제의신과함께,2022-05-15,0.9821716917
498,삼프로TV_경제의신과함께,2022-05-16,0.6421473814946667
499,삼프로TV_경제의신과함께,2022-05-17,0.9997953890766668
500,삼프로TV_경제의신과함께,2022-05-18,0.9316743872466668
501,삼프로TV_경제의신과함께,2022-05-19,0.994102188678
502,삼프로TV_경제의신과함께,2022-05-20,0.99984726249
503,삼프로TV_경제의신과함께,2022-05-22,0.00110878727
504,삼프로TV_경제의신과함께,2022-05-23,0.7076488568866667
505,삼프로TV_경제의신과함께,2022-05-24,0.6676274017653334
506,삼프로TV_경제의신과함께,2022-05-25,0.999913795272
507,삼프로TV_경제의신과함께,2022-05-26,0.9998109541703334
508,삼프로TV_경제의신과함께,2022-05-27,0.9997758554165
509,삼프로TV_경제의신과함께,2022-05-30,0.9998279262
510,삼프로TV_경제의신과함께,2022-05-31,0.999922464575
511,삼프로TV_경제의신과함께,2022-06-01,0.99982746705
512,삼프로TV_경제의신과함께,2022-06-02,0.9992502530183334
513,삼프로TV_경제의신과함께,2022-06-03,0.500429449925
514,삼프로TV_경제의신과함께,2022-06-06,0.99843146
515,삼프로TV_경제의신과함께,2022-06-07,0.70436917984
516,삼프로TV_경제의신과함께,2022-06-08,0.676454105869
517,삼프로TV_경제의신과함께,2022-06-09,0.9999218898403334
518,삼프로TV_경제의신과함께,2022-06-10,0.998823794628
519,삼프로TV_경제의신과함께,2022-06-12,0.822372307
520,삼프로TV_경제의신과함께,2022-06-13,0.9963945866993336
521,삼프로TV_경제의신과함께,2022-06-14,0.9955002614223334
522,삼프로TV_경제의신과함께,2022-06-15,0.9995113860756668
523,삼프로TV_경제의신과함께,2022-06-16,0.980443117
524,삼프로TV_경제의신과함께,2022-06-17,0.99994574973
525,삼프로TV_경제의신과함께,2022-06-19,0.9610544777
526,삼프로TV_경제의신과함께,2022-06-20,0.674253996234
527,삼프로TV_경제의신과함께,2022-06-21,0.9214337583913332
528,삼프로TV_경제의신과함께,2022-06-22,0.9998732123233331
529,삼프로TV_경제의신과함께,2022-06-23,0.7507569023420001
530,삼프로TV_경제의신과함께,2022-06-24,0.9780434343
531,삼프로TV_경제의신과함께,2022-06-26,0.99870324
532,삼프로TV_경제의신과함께,2022-06-27,0.9309855361466668
533,삼프로TV_경제의신과함께,2022-06-28,0.7490220825436666
534,삼프로TV_경제의신과함께,2022-06-29,0.341982876531
535,삼프로TV_경제의신과함께,2022-06-30,0.49987419429
536,삼프로TV_경제의신과함께,2022-07-01,0.999662250482
537,삼프로TV_경제의신과함께,2022-07-03,0.999934290145
538,삼프로TV_경제의신과함께,2022-07-04,0.988885176005
539,삼프로TV_경제의신과함께,2022-07-05,0.99890934521
540,삼프로TV_경제의신과함께,2022-07-06,0.714522736018
541,삼프로TV_경제의신과함께,2022-07-07,0.99947566299
542,삼프로TV_경제의신과함께,2022-07-08,0.62542188756
543,삼프로TV_경제의신과함께,2022-07-10,0.9954849029435
544,삼프로TV_경제의신과함께,2022-07-11,0.9874757895586668
545,삼프로TV_경제의신과함께,2022-07-12,0.99982908677325
546,삼프로TV_경제의신과함께,2022-07-13,0.999124028291
547,삼프로TV_경제의신과함께,2022-07-14,0.6675678644333333
548,삼프로TV_경제의신과함께,2022-07-15,0.99985088853
549,삼프로TV_경제의신과함께,2022-07-17,0.99975088951
550,삼프로TV_경제의신과함께,2022-07-18,0.8142602304525
551,삼프로TV_경제의신과함께,2022-07-19,0.9958493763333331
552,삼프로TV_경제의신과함께,2022-07-20,0.2716683950666667
553,삼프로TV_경제의신과함께,2022-07-21,0.9757067218633332
554,삼프로TV_경제의신과함께,2022-07-22,0.999953849455
555,삼프로TV_경제의신과함께,2022-07-24,0.8422557448000001
556,삼프로TV_경제의신과함께,2022-07-25,0.9985557124216669
557,삼프로TV_경제의신과함께,2022-07-26,0.7859817743223333
558,삼프로TV_경제의신과함께,2022-07-27,0.9993757008
559,삼프로TV_경제의신과함께,2022-07-28,0.8918085028649999
560,삼프로TV_경제의신과함께,2022-07-29,0.9999406278
561,삼프로TV_경제의신과함께,2022-07-31,0.99996276655
562,삼프로TV_경제의신과함께,2022-08-01,0.868262165605
563,삼프로TV_경제의신과함께,2022-08-02,0.7580477143925
564,삼프로TV_경제의신과함께,2022-08-03,0.99905778008
565,삼프로TV_경제의신과함께,2022-08-04,0.9922085906836668
566,삼프로TV_경제의신과함께,2022-08-05,0.94145573
567,삼프로TV_경제의신과함께,2022-08-07,0.9997577601115
568,삼프로TV_경제의신과함께,2022-08-08,0.6683229941423333
569,삼프로TV_경제의신과함께,2022-08-09,0.9240220295566668
570,삼프로TV_경제의신과함께,2022-08-10,0.9999013497933332
571,삼프로TV_경제의신과함께,2022-08-11,0.9999431541923332
572,삼프로TV_경제의신과함께,2022-08-12,0.999960607846
573,삼프로TV_경제의신과함께,2022-08-15,0.9997149918585
574,삼프로TV_경제의신과함께,2022-08-16,0.9997533614400002
575,삼프로TV_경제의신과함께,2022-08-17,0.999233156894
576,삼프로TV_경제의신과함께,2022-08-18,0.999921134895
577,삼프로TV_경제의신과함께,2022-08-19,0.1384614451
578,삼프로TV_경제의신과함께,2022-08-21,0.999557181332
579,삼프로TV_경제의신과함께,2022-08-22,0.99605402185
580,삼프로TV_경제의신과함께,2022-08-23,0.999633933349
581,삼프로TV_경제의신과함께,2022-08-24,0.9999516789546666
582,삼프로TV_경제의신과함께,2022-08-25,0.999835400146
583,삼프로TV_경제의신과함께,2022-08-26,0.0218806644999999
584,삼프로TV_경제의신과함께,2022-08-28,0.7838775515430001
585,삼프로TV_경제의신과함께,2022-08-29,0.996987904174
586,삼프로TV_경제의신과함께,2022-08-30,0.999906978201
587,삼프로TV_경제의신과함께,2022-08-31,0.999811335494
588,삼프로TV_경제의신과함께,2022-09-01,0.999919131116
589,삼프로TV_경제의신과함께,2022-09-02,0.0680897265
590,삼프로TV_경제의신과함께,2022-09-04,0.99985383623
591,삼프로TV_경제의신과함께,2022-09-05,0.9977914633983334
592,삼프로TV_경제의신과함께,2022-09-06,0.995513394925
593,삼프로TV_경제의신과함께,2022-09-07,0.9999269490025
594,삼프로TV_경제의신과함께,2022-09-08,0.979192107
595,삼프로TV_경제의신과함께,2022-09-12,0.9999415833975
596,삼프로TV_경제의신과함께,2022-09-13,0.99952140885
597,삼프로TV_경제의신과함께,2022-09-14,0.6675018891823333
598,삼프로TV_경제의신과함께,2022-09-15,0.4497718058946667
599,삼프로TV_경제의신과함께,2022-09-16,0.98914485843
600,삼프로TV_경제의신과함께,2022-09-18,0.5170576502500001
601,삼프로TV_경제의신과함께,2022-09-19,0.999923543861
602,삼프로TV_경제의신과함께,2022-09-20,0.9476929879533332
603,삼프로TV_경제의신과함께,2022-09-21,0.6670270808
604,삼프로TV_경제의신과함께,2022-09-22,0.9355128835906666
605,삼프로TV_경제의신과함께,2022-09-23,0.99985913144
606,삼프로TV_경제의신과함께,2022-09-25,0.9953833292825
607,삼프로TV_경제의신과함께,2022-09-26,0.9998817612213332
608,삼프로TV_경제의신과함께,2022-09-27,0.7126274991299999
609,삼프로TV_경제의신과함께,2022-09-28,0.9983907037626668
610,삼프로TV_경제의신과함께,2022-09-29,0.665830049258
611,삼프로TV_경제의신과함께,2022-09-30,0.999963164484
612,삼프로TV_경제의신과함께,2022-10-03,0.999855598497
613,삼프로TV_경제의신과함께,2022-10-04,0.669328877397
614,삼프로TV_경제의신과함께,2022-10-05,0.9997748509866669
615,삼프로TV_경제의신과함께,2022-10-06,0.9989685988823332
616,삼프로TV_경제의신과함께,2022-10-07,0.9632886644
617,삼프로TV_경제의신과함께,2022-10-10,0.99446902628
618,삼프로TV_경제의신과함께,2022-10-11,0.6957564792533333
619,삼프로TV_경제의신과함께,2022-10-12,0.9389493364423332
620,삼프로TV_경제의신과함께,2022-10-13,0.49836605164
621,삼프로TV_경제의신과함께,2022-10-14,0.99992309393
622,삼프로TV_경제의신과함께,2022-10-16,0.99983140867
623,삼프로TV_경제의신과함께,2022-10-17,0.9985323037175
624,삼프로TV_경제의신과함께,2022-10-18,0.996127201649
625,삼프로TV_경제의신과함께,2022-10-19,0.6803767729776666
626,삼프로TV_경제의신과함께,2022-10-20,0.9999120034475
627,삼프로TV_경제의신과함께,2022-10-21,0.999953837767
628,삼프로TV_경제의신과함께,2022-10-23,0.997041075
629,삼프로TV_경제의신과함께,2022-10-24,0.9998040782723332
630,삼프로TV_경제의신과함께,2022-10-25,0.66679491196
631,삼프로TV_경제의신과함께,2022-10-26,0.666703292242
632,삼프로TV_경제의신과함께,2022-10-27,0.6706596445033334
633,삼프로TV_경제의신과함께,2022-10-28,0.0803954212999999
634,삼프로TV_경제의신과함께,2022-10-30,0.993369895366
635,삼프로TV_경제의신과함께,2022-10-31,0.9971143294783332
636,삼프로TV_경제의신과함께,2022-11-01,0.6735367843966666
637,삼프로TV_경제의신과함께,2022-11-02,0.9994179882083332
638,삼프로TV_경제의신과함께,2022-11-03,0.9917563232833334
639,삼프로TV_경제의신과함께,2022-11-04,0.99995847447
640,삼프로TV_경제의신과함께,2022-11-06,0.9994219379733336
641,삼프로TV_경제의신과함께,2022-11-07,0.6785747795133332
642,삼프로TV_경제의신과함께,2022-11-08,0.7661001483033333
643,삼프로TV_경제의신과함께,2022-11-09,0.9421730443133334
644,삼프로TV_경제의신과함께,2022-11-10,0.9990763323333334
645,삼프로TV_경제의신과함께,2022-11-13,0.999418325719
646,삼프로TV_경제의신과함께,2022-11-14,0.9986709680223336
647,삼프로TV_경제의신과함께,2022-11-15,0.999610410052
648,삼프로TV_경제의신과함께,2022-11-16,0.99918347751
649,삼프로TV_경제의신과함께,2022-11-17,0.99939890958025
650,삼프로TV_경제의신과함께,2022-11-20,0.9993896695423332
651,삼프로TV_경제의신과함께,2022-11-21,0.9817000756675
652,삼프로TV_경제의신과함께,2022-11-22,0.9997021368866666
653,삼프로TV_경제의신과함께,2022-11-23,0.9996582735166668
654,삼프로TV_경제의신과함께,2022-11-24,0.7504121322905
655,삼프로TV_경제의신과함께,2022-11-27,0.6672351293956668
656,삼프로TV_경제의신과함께,2022-11-28,0.7351536008999999
657,삼프로TV_경제의신과함께,2022-11-29,0.99989502177
658,삼프로TV_경제의신과함께,2022-11-30,0.750921738969
659,삼프로TV_경제의신과함께,2022-12-01,0.99989619802
660,삼프로TV_경제의신과함께,2022-12-04,0.945360543902
661,삼프로TV_경제의신과함께,2022-12-05,0.666643537342
662,삼프로TV_경제의신과함께,2022-12-06,0.9795463865736668
663,삼프로TV_경제의신과함께,2022-12-07,0.6955696157583334
664,삼프로TV_경제의신과함께,2022-12-08,0.993375209
665,삼프로TV_경제의신과함께,2022-12-09,0.999920451862
666,삼프로TV_경제의신과함께,2022-12-11,0.7818136192606667
667,삼프로TV_경제의신과함께,2022-12-12,0.9996251619993334
668,삼프로TV_경제의신과함께,2022-12-13,0.9139966184225
669,삼프로TV_경제의신과함께,2022-12-14,0.999155014308
670,삼프로TV_경제의신과함께,2022-12-15,0.9998263787843332
671,삼프로TV_경제의신과함께,2022-12-16,0.999941770576
672,삼프로TV_경제의신과함께,2022-12-18,0.879826413465
673,삼프로TV_경제의신과함께,2022-12-19,0.88907574409
674,삼프로TV_경제의신과함께,2022-12-20,0.6649495159933334
675,삼프로TV_경제의신과함께,2022-12-21,0.6672466520000001
676,삼프로TV_경제의신과함께,2022-12-22,0.16267318878
677,삼프로TV_경제의신과함께,2022-12-23,0.99981809207
678,삼프로TV_경제의신과함께,2022-12-24,0.99993748825
679,삼프로TV_경제의신과함께,2022-12-25,0.9998775819776666
680,삼프로TV_경제의신과함께,2022-12-26,0.9993122762115
681,삼프로TV_경제의신과함께,2022-12-27,0.999750429105
682,삼프로TV_경제의신과함께,2022-12-28,0.999687185487
683,삼프로TV_경제의신과함께,2022-12-29,0.018084183
684,삼프로TV_경제의신과함께,2023-01-01,0.9816075202203334
685,삼프로TV_경제의신과함께,2023-01-02,0.998076426989
686,삼프로TV_경제의신과함께,2023-01-03,0.7322037136966667
687,삼프로TV_경제의신과함께,2023-01-04,0.6752186990873333
688,삼프로TV_경제의신과함께,2023-01-05,0.7648518391906668
689,삼프로TV_경제의신과함께,2023-01-08,0.9883896925456668
690,삼프로TV_경제의신과함께,2023-01-09,0.357944763721
691,삼프로TV_경제의신과함께,2023-01-10,0.9999287940163332
692,삼프로TV_경제의신과함께,2023-01-11,0.9401936184866668
693,삼프로TV_경제의신과함께,2023-01-12,0.9340614746173334
694,삼프로TV_경제의신과함께,2023-01-15,0.99988254195
695,삼프로TV_경제의신과함께,2023-01-16,0.9865496692225
696,삼프로TV_경제의신과함께,2023-01-17,0.999865984581
697,삼프로TV_경제의신과함께,2023-01-18,0.9958135337833331
698,삼프로TV_경제의신과함께,2023-01-19,0.9664043467525
699,삼프로TV_경제의신과함께,2023-01-24,0.98760096716
700,삼프로TV_경제의신과함께,2023-01-25,0.99994509255
701,삼프로TV_경제의신과함께,2023-01-26,0.995395108286
702,삼프로TV_경제의신과함께,2023-01-29,0.9985419208166668
703,삼프로TV_경제의신과함께,2023-01-30,0.849243763094
704,삼프로TV_경제의신과함께,2023-01-31,0.9984188038636668
705,삼프로TV_경제의신과함께,2023-02-01,0.9895202226133332
706,삼프로TV_경제의신과함께,2023-02-02,0.9989344653186666
707,삼프로TV_경제의신과함께,2023-02-05,0.9997169480623334
708,삼프로TV_경제의신과함께,2023-02-06,0.7462784367883333
709,삼프로TV_경제의신과함께,2023-02-07,0.9998737098233332
710,삼프로TV_경제의신과함께,2023-02-08,0.999051123491
711,삼프로TV_경제의신과함께,2023-02-09,0.51225807154
712,삼프로TV_경제의신과함께,2023-02-12,0.9999047093433332
713,삼프로TV_경제의신과함께,2023-02-13,0.9974279255633332
714,삼프로TV_경제의신과함께,2023-02-14,0.9559444406346668
715,삼프로TV_경제의신과함께,2023-02-15,0.7826272443216666
716,삼프로TV_경제의신과함께,2023-02-16,0.8161684624565
717,삼프로TV_경제의신과함께,2023-02-19,0.9873551101133332
718,삼프로TV_경제의신과함께,2023-02-20,0.803907923839
719,삼프로TV_경제의신과함께,2023-02-21,0.6785990175983333
720,삼프로TV_경제의신과함께,2023-02-22,0.9997389410066668
721,삼프로TV_경제의신과함께,2023-02-23,0.52030971612
722,삼프로TV_경제의신과함께,2023-02-24,0.99988126722
723,삼프로TV_경제의신과함께,2023-02-26,0.9997634078256666
724,삼프로TV_경제의신과함께,2023-02-27,0.842038363309
725,삼프로TV_경제의신과함께,2023-03-01,0.9994470546165
726,삼프로TV_경제의신과함께,2023-03-02,0.9695490357233334
727,삼프로TV_경제의신과함께,2023-03-05,0.9961374430316666
728,삼프로TV_경제의신과함께,2023-03-06,0.9999492094793334
729,삼프로TV_경제의신과함께,2023-03-07,0.999790146412
730,삼프로TV_경제의신과함께,2023-03-08,0.4451118507333333
731,삼프로TV_경제의신과함께,2023-03-09,0.8713695182333333
732,삼프로TV_경제의신과함께,2023-03-12,0.741221326829
733,삼프로TV_경제의신과함께,2023-03-13,0.9912221182956666
734,삼프로TV_경제의신과함께,2023-03-14,0.99045347334
735,삼프로TV_경제의신과함께,2023-03-15,0.9960306072533331
736,삼프로TV_경제의신과함께,2023-03-16,0.9662778733
737,삼프로TV_경제의신과함께,2023-03-17,0.999920759892
738,삼프로TV_경제의신과함께,2023-03-19,0.997380859651
739,삼프로TV_경제의신과함께,2023-03-20,0.9972557122
740,삼프로TV_경제의신과함께,2023-03-21,0.999942928279
741,삼프로TV_경제의신과함께,2023-03-22,0.6749136805933333
742,삼프로TV_경제의신과함께,2023-03-23,0.9629597700346668
743,삼프로TV_경제의신과함께,2023-03-24,0.99983447697
744,삼프로TV_경제의신과함께,2023-03-26,0.998225716885
745,삼프로TV_경제의신과함께,2023-03-27,0.9797261637433332
746,삼프로TV_경제의신과함께,2023-03-28,0.9996728889333334
747,삼프로TV_경제의신과함께,2023-03-29,0.999579066315
748,삼프로TV_경제의신과함께,2023-03-30,0.96307656849
749,삼프로TV_경제의신과함께,2023-03-31,0.999966270115
750,삼프로TV_경제의신과함께,2023-04-02,0.999376634957
751,삼프로TV_경제의신과함께,2023-04-03,0.9851944030026668
752,삼프로TV_경제의신과함께,2023-04-04,0.9996037151166668
753,삼프로TV_경제의신과함께,2023-04-05,0.6794556459433334
754,삼프로TV_경제의신과함께,2023-04-06,0.9992632779333334
755,삼프로TV_경제의신과함께,2023-04-07,0.066083975
756,삼프로TV_경제의신과함께,2023-04-09,0.999701239631
757,삼프로TV_경제의신과함께,2023-04-10,0.9998246145746666
758,삼프로TV_경제의신과함께,2023-04-11,0.9998982317466668
759,삼프로TV_경제의신과함께,2023-04-12,0.8383046132936666
760,삼프로TV_경제의신과함께,2023-04-13,0.9671807895133334
761,삼프로TV_경제의신과함께,2023-04-14,0.99993325272
762,삼프로TV_경제의신과함께,2023-04-16,0.9912035459
763,삼프로TV_경제의신과함께,2023-04-17,0.33355690754
764,삼프로TV_경제의신과함께,2023-04-18,0.99893624215
765,삼프로TV_경제의신과함께,2023-04-19,0.33706566131
766,삼프로TV_경제의신과함께,2023-04-20,0.9998284074766668
767,삼프로TV_경제의신과함께,2023-04-21,0.07596320473
768,삼프로TV_경제의신과함께,2023-04-23,0.53323024161
769,삼프로TV_경제의신과함께,2023-04-24,0.9991332046653332
770,삼프로TV_경제의신과함께,2023-04-25,0.7313292742466667
771,삼프로TV_경제의신과함께,2023-04-26,0.9969722432913332
772,삼프로TV_경제의신과함께,2023-04-27,0.7884513355666667
773,삼프로TV_경제의신과함께,2023-04-28,0.99995092838
774,삼프로TV_경제의신과함께,2023-05-01,0.999929700515
775,삼프로TV_경제의신과함께,2023-05-02,0.9784656137166668
776,삼프로TV_경제의신과함께,2023-05-03,0.9999516613956666
777,삼프로TV_경제의신과함께,2023-05-04,0.9975301888
778,삼프로TV_경제의신과함께,2023-05-07,0.99724638385
779,삼프로TV_경제의신과함께,2023-05-08,0.7305382277566667
780,삼프로TV_경제의신과함께,2023-05-09,0.9998243071306666
781,삼프로TV_경제의신과함께,2023-05-10,0.5951296937506667
782,삼프로TV_경제의신과함께,2023-05-11,0.997608760897
783,삼프로TV_경제의신과함께,2023-05-12,0.99988779506
784,삼프로TV_경제의신과함께,2023-05-14,0.9994358883
785,삼프로TV_경제의신과함께,2023-05-15,0.9998681035833332
786,삼프로TV_경제의신과함께,2023-05-16,0.999937972005
787,삼프로TV_경제의신과함께,2023-05-17,0.9996963500236666
788,삼프로TV_경제의신과함께,2023-05-18,0.6777413666733333
789,삼프로TV_경제의신과함께,2023-05-19,0.99463079653
790,삼프로TV_경제의신과함께,2023-05-21,0.99995675685
791,삼프로TV_경제의신과함께,2023-05-22,0.5726797044949999
792,삼프로TV_경제의신과함께,2023-05-23,0.9993780192133334
793,삼프로TV_경제의신과함께,2023-05-24,0.999956774355
794,삼프로TV_경제의신과함께,2023-05-25,0.99920018365
795,삼프로TV_경제의신과함께,2023-05-26,0.98721702899
796,삼프로TV_경제의신과함께,2023-05-29,0.999923186
797,삼프로TV_경제의신과함께,2023-05-30,0.7194081660133334
798,삼프로TV_경제의신과함께,2023-05-31,0.9919556686466668
799,삼프로TV_경제의신과함께,2023-06-01,0.9971081866533332
800,삼프로TV_경제의신과함께,2023-06-02,0.997534588
801,삼프로TV_경제의신과함께,2023-06-04,0.99994839153
802,삼프로TV_경제의신과함께,2023-06-05,0.999957814242
803,삼프로TV_경제의신과함께,2023-06-06,0.9999080762725
804,삼프로TV_경제의신과함께,2023-06-07,0.99959098047
805,삼프로TV_경제의신과함께,2023-06-08,0.999911285617
806,삼프로TV_경제의신과함께,2023-06-09,0.9950926007
807,삼프로TV_경제의신과함께,2023-06-11,0.99987651868
808,삼프로TV_경제의신과함께,2023-06-12,0.9894887551066668
809,삼프로TV_경제의신과함께,2023-06-13,0.49659543172
810,삼프로TV_경제의신과함께,2023-06-14,0.9990199784453332
811,삼프로TV_경제의신과함께,2023-06-15,0.797950946077
812,삼프로TV_경제의신과함께,2023-06-16,0.99990138771
813,삼프로TV_경제의신과함께,2023-06-18,0.999820530808
814,삼프로TV_경제의신과함께,2023-06-19,0.9780345829966668
815,삼프로TV_경제의신과함께,2023-06-20,0.99825127337
816,삼프로TV_경제의신과함께,2023-06-21,0.999822718395
817,삼프로TV_경제의신과함께,2023-06-22,0.66270147828
818,삼프로TV_경제의신과함께,2023-06-23,0.999947072074
819,삼프로TV_경제의신과함께,2023-06-25,0.9998500702965
820,삼프로TV_경제의신과함께,2023-06-26,0.9996544389866666
821,삼프로TV_경제의신과함께,2023-06-27,0.72550515988
822,삼프로TV_경제의신과함께,2023-06-28,0.9999464174466668
823,삼프로TV_경제의신과함께,2023-06-29,0.6665527537953334
824,삼프로TV_경제의신과함께,2023-06-30,0.89478590166
825,삼프로TV_경제의신과함께,2023-07-02,0.9964157263275
826,삼프로TV_경제의신과함께,2023-07-03,0.8808389589
827,삼프로TV_경제의신과함께,2023-07-04,0.6670779922106668
828,삼프로TV_경제의신과함께,2023-07-05,0.9997477659623332
829,삼프로TV_경제의신과함께,2023-07-06,0.9881336389546668
830,삼프로TV_경제의신과함께,2023-07-07,0.999958702738
831,삼프로TV_경제의신과함께,2023-07-09,0.9993442162465
832,삼프로TV_경제의신과함께,2023-07-10,0.9995532833566668
833,삼프로TV_경제의신과함께,2023-07-11,0.999821166556
834,삼프로TV_경제의신과함께,2023-07-12,0.9968498177926666
835,삼프로TV_경제의신과함께,2023-07-13,0.9998168775613332
836,삼프로TV_경제의신과함께,2023-07-14,0.99988279413
837,삼프로TV_경제의신과함께,2023-07-16,0.1214413127949999
838,삼프로TV_경제의신과함께,2023-07-17,0.997317680625
839,삼프로TV_경제의신과함께,2023-07-18,0.9906531514066668
840,삼프로TV_경제의신과함께,2023-07-19,0.9954627969786666
841,삼프로TV_경제의신과함께,2023-07-20,0.6758434595206667
842,삼프로TV_경제의신과함께,2023-07-21,0.999254774
843,삼프로TV_경제의신과함께,2023-07-23,0.969891856002
844,삼프로TV_경제의신과함께,2023-07-24,0.9802491840266666
845,삼프로TV_경제의신과함께,2023-07-25,0.6637226372076667
846,삼프로TV_경제의신과함께,2023-07-26,0.9998280611113334
847,삼프로TV_경제의신과함께,2023-07-27,0.7457193517733334
848,삼프로TV_경제의신과함께,2023-07-28,0.999934590516
849,삼프로TV_경제의신과함께,2023-07-30,0.99407014235
850,삼프로TV_경제의신과함께,2023-07-31,0.999396543976
851,삼프로TV_경제의신과함께,2023-08-01,0.9470002698053334
852,삼프로TV_경제의신과함께,2023-08-02,0.4835317088516667
853,삼프로TV_경제의신과함께,2023-08-03,0.997338885147
854,삼프로TV_경제의신과함께,2023-08-04,0.999962862183
855,삼프로TV_경제의신과함께,2023-08-06,0.560401358835
856,삼프로TV_경제의신과함께,2023-08-07,0.7542477264183334
857,삼프로TV_경제의신과함께,2023-08-08,0.62963213787
858,삼프로TV_경제의신과함께,2023-08-09,0.724599141728
859,삼프로TV_경제의신과함께,2023-08-10,0.666897468461
860,삼프로TV_경제의신과함께,2023-08-11,0.9639043485
861,삼프로TV_경제의신과함께,2023-08-13,0.958217964815
862,삼프로TV_경제의신과함께,2023-08-14,0.99996286281
863,삼프로TV_경제의신과함께,2023-08-15,0.611195041415
864,삼프로TV_경제의신과함께,2023-08-16,0.995166122252
865,삼프로TV_경제의신과함께,2023-08-17,0.72709847616
866,삼프로TV_경제의신과함께,2023-08-18,0.9995509128
867,삼프로TV_경제의신과함께,2023-08-20,0.9994641684275
868,삼프로TV_경제의신과함께,2023-08-21,0.9985195445833334
869,삼프로TV_경제의신과함께,2023-08-22,0.99622416318
870,삼프로TV_경제의신과함께,2023-08-23,0.999780155056
871,삼프로TV_경제의신과함께,2023-08-24,0.6764303430856667
872,삼프로TV_경제의신과함께,2023-08-25,0.99986740525
873,삼프로TV_경제의신과함께,2023-08-27,0.9998317471
874,삼프로TV_경제의신과함께,2023-08-28,0.9588361578166666
875,삼프로TV_경제의신과함께,2023-08-29,0.9998948198926666
876,삼프로TV_경제의신과함께,2023-08-30,0.999957773971
877,삼프로TV_경제의신과함께,2023-08-31,0.989229890225
878,삼프로TV_경제의신과함께,2023-09-01,0.98392970804
879,삼프로TV_경제의신과함께,2023-09-03,0.67515750385
880,삼프로TV_경제의신과함께,2023-09-04,0.998171630005
881,삼프로TV_경제의신과함께,2023-09-05,0.9926976853146666
882,삼프로TV_경제의신과함께,2023-09-06,0.9946897437833332
883,삼프로TV_경제의신과함께,2023-09-07,0.9999500138953332
884,삼프로TV_경제의신과함께,2023-09-08,0.999952340074
