,unique_id,ds,script,title
0,부읽남,2023-09-12,0.975036761,0.9999156
1,부읽남,2023-09-12,0.9973728129999999,0.999148893
2,부읽남,2023-09-11,0.968392671,0.994425173
3,부읽남,2023-09-11,0.9786074469999999,0.999670744
4,부읽남,2023-09-10,0.99033618,0.9998670399999999
5,부읽남,2023-09-09,0.9619364189999999,0.994494617
6,부읽남,2023-09-09,0.991148541,0.999703766
7,부읽남,2023-09-08,0.985488605,0.99995936
8,부읽남,2023-09-08,0.986531914,0.999801455
9,부읽남,2023-09-08,0.9480496199999999,0.999783935
10,부읽남,2023-09-07,0.985306983,0.999854632
11,부읽남,2023-09-07,0.909092031,0.99920743
12,부읽남,2023-09-06,0.988567954,0.99986105
13,부읽남,2023-09-06,0.982136609,0.9999671
14,부읽남,2023-09-05,0.984480768,0.9999556
15,부읽남,2023-09-05,0.9828975759999999,0.999529816
16,부읽남,2023-09-04,0.985858634,0.990935636
17,부읽남,2023-09-04,0.992462944,0.999670202
18,부읽남,2023-09-03,0.970520526,0.749888257
19,부읽남,2023-09-03,0.9756080370000001,0.9999604
20,부읽남,2023-09-02,0.9894835430000001,0.9999609
21,부읽남,2023-09-02,0.981498997,0.9999412400000001
22,부읽남,2023-09-01,0.943081308,0.946836192
23,부읽남,2023-09-01,0.969340639,0.986063721
24,부읽남,2023-09-01,0.9817594279999999,0.99990353
25,부읽남,2023-08-31,0.942909654,0.839588976
26,부읽남,2023-08-31,0.995597734,0.99880507
27,부읽남,2023-08-30,0.9988563850000001,0.99996215
28,부읽남,2023-08-30,0.983362981,0.9965399880000001
29,부읽남,2023-08-29,0.992695097,0.999858814
30,부읽남,2023-08-29,0.973876572,0.9997194389999999
31,부읽남,2023-08-28,0.960322151,0.995596256
32,부읽남,2023-08-28,0.9853084200000001,0.99992536
33,부읽남,2023-08-27,0.974261106,0.9999325299999999
34,부읽남,2023-08-26,0.996376441,0.9999603
35,부읽남,2023-08-26,0.979674476,0.99995996
36,부읽남,2023-08-25,0.9593039529999999,0.9998624
37,부읽남,2023-08-25,0.968071675,0.9999603
38,부읽남,2023-08-25,0.98060854,0.9999413
39,부읽남,2023-08-24,0.979559586,0.979970648
40,부읽남,2023-08-24,0.961898243,0.9999408
41,부읽남,2023-08-23,0.997804775,0.99994976
42,부읽남,2023-08-23,0.99903481,0.9999442
43,부읽남,2023-08-22,0.97522369,0.9999547
44,부읽남,2023-08-21,0.996468743,0.999922897
45,부읽남,2023-08-20,0.984103192,0.99993396
46,부읽남,2023-08-19,0.97926405,0.99992637
47,부읽남,2023-08-18,0.952533164,0.54924993
48,부읽남,2023-08-18,0.9979075970000001,0.999875748
49,부읽남,2023-08-17,0.989570756,0.9906872879999999
50,부읽남,2023-08-17,0.974843939,0.99995965
51,부읽남,2023-08-16,0.931680077,0.984236023
52,부읽남,2023-08-16,0.928269705,0.994439368
53,부읽남,2023-08-15,0.980278013,0.99994105
54,부읽남,2023-08-15,0.91396178,0.9999111820000001
55,부읽남,2023-08-14,0.97389918,0.997020931
56,부읽남,2023-08-14,0.989495312,0.999876126
57,부읽남,2023-08-12,0.9856095279999999,0.9999558
58,부읽남,2023-08-12,0.994850424,0.9999624
59,부읽남,2023-08-11,0.9902071720000001,0.9999579000000001
60,부읽남,2023-08-11,0.982664366,0.99996235
61,부읽남,2023-08-11,0.995813104,0.999782823
62,부읽남,2023-08-10,0.998661378,0.999754779
63,부읽남,2023-08-10,0.916389761,0.9999461
64,부읽남,2023-08-09,0.97217251,0.999797168
65,부읽남,2023-08-09,0.9918069140000001,0.999958
66,부읽남,2023-08-08,0.970870757,0.9970078729999999
67,부읽남,2023-08-08,0.983639493,0.999568391
68,부읽남,2023-08-07,0.9983499,0.9999518
69,부읽남,2023-08-07,0.9946326090000001,0.999932521
70,부읽남,2023-08-07,0.989488232,0.999922
71,부읽남,2023-08-06,0.9960169560000001,0.99994324
72,부읽남,2023-08-05,0.970503966,0.9998853000000001
73,부읽남,2023-08-05,0.972398317,0.9999455
74,부읽남,2023-08-04,0.967531958,0.997431045
75,부읽남,2023-08-04,0.996391998,0.99993396
76,부읽남,2023-08-04,0.981850962,0.99993305
77,부읽남,2023-08-03,0.9892542169999999,0.999459873
78,부읽남,2023-08-03,0.989821536,0.9999313000000001
79,부읽남,2023-08-02,0.9923345,0.99992998
80,부읽남,2023-08-02,0.997370009,0.999921309
81,부읽남,2023-08-01,0.989031081,0.9996078270000001
82,부읽남,2023-08-01,0.988856081,0.9999502
83,부읽남,2023-07-31,0.970513729,0.99995607
84,부읽남,2023-07-31,0.790727256,0.000878048
85,부읽남,2023-07-30,0.998397007,0.9999090599999999
86,부읽남,2023-07-29,0.991406893,0.9999627999999999
87,부읽남,2023-07-28,0.995970969,0.9999564019999999
88,부읽남,2023-07-27,0.98836709,0.9999486000000001
89,부읽남,2023-07-27,0.8782211529999999,0.9999249699999999
90,부읽남,2023-07-26,0.9984968200000001,0.9999473
91,부읽남,2023-07-26,0.991495118,0.9999371300000001
92,부읽남,2023-07-25,0.960555613,0.99995956
93,부읽남,2023-07-25,0.959333116,0.9999584
94,부읽남,2023-07-24,0.998972635,0.999891714
95,부읽남,2023-07-23,0.997183887,0.9998754740000001
96,부읽남,2023-07-22,0.982364114,0.9999415
97,부읽남,2023-07-21,0.987517019,0.9999656699999999
98,부읽남,2023-07-21,0.992214522,0.999932978
99,부읽남,2023-07-20,0.987680832,0.9999558
100,부읽남,2023-07-20,0.9906005579999999,0.9999535
101,부읽남,2023-07-19,0.945623607,0.006099299
102,부읽남,2023-07-19,0.985786985,0.122986902
103,부읽남,2023-07-18,0.967042895,0.10840250700000001
104,부읽남,2023-07-18,0.9862347250000001,0.9999328
105,부읽남,2023-07-17,0.987897811,0.99981922
106,부읽남,2023-07-17,0.998803223,0.9999413
107,부읽남,2023-07-16,0.982759867,0.36102693700000005
108,부읽남,2023-07-15,0.9973320379999999,0.99996096
109,부읽남,2023-07-15,0.997102124,0.99996127
110,부읽남,2023-07-14,0.998030669,0.99993847
111,부읽남,2023-07-14,0.982940276,0.99992985
112,부읽남,2023-07-14,0.986144722,0.999927453
113,부읽남,2023-07-13,0.99280689,0.999604467
114,부읽남,2023-07-13,0.972929966,0.9999612999999999
115,부읽남,2023-07-12,0.97453576,0.9999488700000001
116,부읽남,2023-07-12,0.942048049,0.991407729
117,부읽남,2023-07-11,0.9775776730000001,0.99993913
118,부읽남,2023-07-11,0.97008032,0.999717901
119,부읽남,2023-07-10,0.985222898,0.9999665999999999
120,부읽남,2023-07-10,0.995231719,0.999635503
121,부읽남,2023-07-09,0.990922642,0.999892181
122,부읽남,2023-07-08,0.986319919,0.9999581
123,부읽남,2023-07-08,0.992399211,0.9998754
124,부읽남,2023-07-07,0.990906398,0.999643083
125,부읽남,2023-07-07,0.987124957,0.99994533
126,부읽남,2023-07-06,0.98670428,0.999555748
127,부읽남,2023-07-06,0.9974976919999999,0.999814768
128,부읽남,2023-07-05,0.985923644,0.9999342
129,부읽남,2023-07-05,0.995153974,0.9999096
130,부읽남,2023-07-05,0.9855925149999999,0.9999474
131,부읽남,2023-07-04,0.981163057,0.99996306
132,부읽남,2023-07-03,0.996881113,0.9999571
133,부읽남,2023-07-02,0.988271078,0.99994564
134,부읽남,2023-07-01,0.993797199,0.9997645070000001
135,부읽남,2023-07-01,0.9657130660000001,0.99995304
136,부읽남,2023-06-30,0.9858170930000001,0.9999591
137,부읽남,2023-06-30,0.996753396,0.9999466
138,부읽남,2023-06-30,0.991038251,0.999620163
139,부읽남,2023-06-29,0.972769757,0.18605675400000002
140,부읽남,2023-06-29,0.997809441,0.99991874
141,부읽남,2023-06-28,0.988658908,0.999798847
142,부읽남,2023-06-27,0.991880122,0.999491955
143,부읽남,2023-06-27,0.9951392410000001,0.9999348
144,부읽남,2023-06-26,0.997270659,0.99995287
145,부읽남,2023-06-26,0.989036646,0.99993057
146,부읽남,2023-06-25,0.98306951,0.999922352
147,부읽남,2023-06-24,0.981644084,0.999509923
148,부읽남,2023-06-24,0.9394337119999999,0.74661953
149,부읽남,2023-06-23,0.981606741,0.99996055
150,부읽남,2023-06-23,0.9883535790000001,0.9999462400000001
151,부읽남,2023-06-23,0.9653798039999999,0.580577379
152,부읽남,2023-06-22,0.996769854,0.9999553999999999
153,부읽남,2023-06-22,0.993514898,0.99994775
154,부읽남,2023-06-21,0.9971449520000001,0.9999504
155,부읽남,2023-06-21,0.997342435,0.998593035
156,부읽남,2023-06-20,0.9492837009999999,0.99995807
157,부읽남,2023-06-20,0.978738767,0.99996454
158,부읽남,2023-06-19,0.9833885880000001,0.9999234
159,부읽남,2023-06-19,0.993026387,0.9999569500000001
160,부읽남,2023-06-18,0.981973543,0.999649768
161,부읽남,2023-06-17,0.974933645,0.99996096
162,부읽남,2023-06-17,0.977050043,0.9999269000000001
163,부읽남,2023-06-16,0.9880297889999999,0.999872461
164,부읽남,2023-06-16,0.986460696,0.9999147
165,부읽남,2023-06-15,0.9900219899999999,0.999830865
166,부읽남,2023-06-15,0.998737943,0.999320373
167,부읽남,2023-06-14,0.981898414,0.9999565
168,부읽남,2023-06-14,0.969062753,0.99994465
169,부읽남,2023-06-14,0.979242018,0.9999509
170,부읽남,2023-06-13,0.984651799,0.9999647
171,부읽남,2023-06-13,0.980861898,0.9935824409999999
172,부읽남,2023-06-12,0.990008811,0.99996236
173,부읽남,2023-06-12,0.968812649,0.999739699
174,부읽남,2023-06-11,0.9862236799999999,0.99995175
175,부읽남,2023-06-10,0.990110782,0.9998821400000001
176,부읽남,2023-06-10,0.971483246,0.99994394
177,부읽남,2023-06-09,0.979066348,0.9999387719999999
178,부읽남,2023-06-09,0.967129237,0.9997527469999999
179,부읽남,2023-06-08,0.997821886,0.99925841
180,부읽남,2023-06-08,0.989804438,0.999899074
181,부읽남,2023-06-08,0.993016588,0.998773116
182,부읽남,2023-06-07,0.977958564,0.99995265
183,부읽남,2023-06-07,0.974661338,0.9999567
184,부읽남,2023-06-06,0.979769478,0.99995187
185,부읽남,2023-06-06,0.990007064,0.268287124
186,부읽남,2023-06-05,0.992967505,0.999514538
187,부읽남,2023-06-05,0.999665684,0.9999679
188,부읽남,2023-06-04,0.994677052,0.9999412999999999
189,부읽남,2023-06-03,0.9671064850000001,0.999346854
190,부읽남,2023-06-02,0.992067084,0.9999513999999999
191,부읽남,2023-06-02,0.994073188,0.999962
192,부읽남,2023-06-02,0.983886849,0.99987919
193,부읽남,2023-06-01,0.994258644,0.9998683949999999
194,부읽남,2023-06-01,0.982588909,0.999914666
195,부읽남,2023-05-31,0.97259835,0.9999582
196,부읽남,2023-05-31,0.996471095,0.9999422
197,부읽남,2023-05-31,0.997372853,0.997683886
198,부읽남,2023-05-30,0.962995941,0.9999338
199,부읽남,2023-05-30,0.999015144,0.97327195
200,부읽남,2023-05-29,0.87539963,0.7643254749999999
201,부읽남,2023-05-29,0.98709455,0.999798038
202,부읽남,2023-05-28,0.993599974,0.9998811000000001
203,부읽남,2023-05-27,0.9855582820000001,0.997186409
204,부읽남,2023-05-27,0.995252057,0.99994456
205,부읽남,2023-05-26,0.990059727,0.9911491899999999
206,부읽남,2023-05-26,0.995160504,0.99995666
207,부읽남,2023-05-26,0.973501692,0.9997963160000001
208,부읽남,2023-05-25,0.989348263,0.9999339
209,부읽남,2023-05-25,0.9947112130000001,0.998908127
210,부읽남,2023-05-25,0.968832924,0.999926
211,부읽남,2023-05-24,0.983475607,0.998902988
212,부읽남,2023-05-24,0.98377228,0.9995149750000001
213,부읽남,2023-05-24,0.981503182,0.9998857950000001
214,부읽남,2023-05-23,0.984820387,0.998619668
215,부읽남,2023-05-22,0.98774465,0.9996152970000001
216,부읽남,2023-05-22,0.989216267,0.99994435
217,부읽남,2023-05-21,0.992718987,0.99996055
218,부읽남,2023-05-20,0.991672069,0.9998942909999999
219,부읽남,2023-05-20,0.985554338,0.996370372
220,부읽남,2023-05-19,0.991814185,0.9999554
221,부읽남,2023-05-19,0.976391807,0.999915071
222,부읽남,2023-05-19,0.996486521,0.99989157
223,부읽남,2023-05-19,0.969776904,0.999827256
224,부읽남,2023-05-18,0.943021255,0.964036246
225,부읽남,2023-05-18,0.982123581,0.99996273
226,부읽남,2023-05-18,0.961749843,0.001055183
227,부읽남,2023-05-17,0.982100485,0.99996936
228,부읽남,2023-05-17,0.961333984,0.793858803
229,부읽남,2023-05-17,0.975055915,0.9999634
230,부읽남,2023-05-16,0.930487953,0.99987207
231,부읽남,2023-05-16,0.9864412819999999,0.016470748
232,부읽남,2023-05-15,0.9719503,0.999884553
233,부읽남,2023-05-15,0.987226473,0.999955
234,부읽남,2023-05-15,0.994391713,0.99995274
235,부읽남,2023-05-14,0.922456258,0.101369065
236,부읽남,2023-05-13,0.992276474,0.999817451
237,부읽남,2023-05-13,0.983376369,0.999865593
238,부읽남,2023-05-12,0.988745574,0.999933047
239,부읽남,2023-05-12,0.989137006,0.999927694
240,부읽남,2023-05-12,0.996885843,0.99984785
241,부읽남,2023-05-11,0.984524293,0.999851897
242,부읽남,2023-05-11,0.9509021,0.9999319
243,부읽남,2023-05-10,0.981384153,0.999417389
244,부읽남,2023-05-10,0.983310565,0.9999631
245,부읽남,2023-05-09,0.976264216,0.999714339
246,부읽남,2023-05-08,0.9925451839999999,0.9999434
247,부읽남,2023-05-08,0.9903059909999999,0.999628838
248,부읽남,2023-05-08,0.947542497,0.43856774
249,부읽남,2023-05-07,0.9457946939999999,0.9998833
250,부읽남,2023-05-06,0.95848304,0.99995325
251,부읽남,2023-05-06,0.965015691,0.999907331
252,부읽남,2023-05-06,0.945423734,0.9999495
253,부읽남,2023-05-05,0.945067744,0.9999608
254,부읽남,2023-05-05,0.951617944,0.699309132
255,부읽남,2023-05-05,0.990873522,0.99989107
256,부읽남,2023-05-04,0.996064338,0.99993323
257,부읽남,2023-05-04,0.94243632,0.999196508
258,부읽남,2023-05-03,0.99547443,0.9999442000000001
259,부읽남,2023-05-03,0.984185472,0.999603056
260,부읽남,2023-05-02,0.993575875,0.99983578
261,부읽남,2023-05-01,0.998614137,0.999918675
262,부읽남,2023-05-01,0.992819632,0.999640477
263,부읽남,2023-04-30,0.9884704870000001,0.9999107
264,부읽남,2023-04-30,0.9701361759999999,0.748242368
265,부읽남,2023-04-30,0.991184114,0.99994944
266,부읽남,2023-04-29,0.996661359,0.999364898
267,부읽남,2023-04-28,0.9799811660000001,0.99994225
268,부읽남,2023-04-28,0.993294146,0.9999126070000001
269,부읽남,2023-04-28,0.982078196,0.999665868
270,부읽남,2023-04-27,0.9818226,0.999867889
271,부읽남,2023-04-27,0.985250441,0.965137136
272,부읽남,2023-04-26,0.979060425,0.9998549
273,부읽남,2023-04-26,0.9920217629999999,0.995486622
274,부읽남,2023-04-25,0.991741936,0.9999505
275,부읽남,2023-04-24,0.956476912,0.99994096
276,부읽남,2023-04-24,0.995669468,0.999866248
277,부읽남,2023-04-24,0.988371412,0.9999560999999999
278,부읽남,2023-04-23,0.933882764,0.639299594
279,부읽남,2023-04-22,0.9757645620000001,0.9999171
280,부읽남,2023-04-22,0.994122804,0.9998605700000001
281,부읽남,2023-04-21,0.985932031,0.9998165649999999
282,부읽남,2023-04-20,0.953448645,0.99995785
283,부읽남,2023-04-20,0.9773916380000001,0.999777802
284,부읽남,2023-04-19,0.988148949,0.999958446
285,부읽남,2023-04-19,0.993468321,0.999416962
286,부읽남,2023-04-18,0.991658523,0.9998879589999999
287,부읽남,2023-04-17,0.996857476,0.9999347000000001
288,부읽남,2023-04-17,0.988881115,0.9999609
289,부읽남,2023-04-16,0.981438848,0.999756187
290,부읽남,2023-04-15,0.984303397,0.9998235000000001
291,부읽남,2023-04-14,0.9917920650000001,0.99924749
292,부읽남,2023-04-13,0.988761005,0.999821094
293,부읽남,2023-04-13,0.976000455,0.9998927000000001
294,부읽남,2023-04-12,0.991439886,0.9999437
295,부읽남,2023-04-12,0.9841968130000001,0.9999378999999999
296,부읽남,2023-04-11,0.9882137089999999,0.9654645500000001
297,부읽남,2023-04-10,0.9862047,0.999857188
298,부읽남,2023-04-10,0.997725043,0.999883405
299,부읽남,2023-04-09,0.996979745,0.99994635
300,부읽남,2023-04-08,0.992353858,0.9999257
301,부읽남,2023-04-08,0.972381538,0.992409092
302,부읽남,2023-04-07,0.99234233,0.999824367
303,부읽남,2023-04-06,0.988678955,0.999296201
304,부읽남,2023-04-06,0.9732403009999999,0.9999457399999999
305,부읽남,2023-04-05,0.9676013779999999,0.985468789
306,부읽남,2023-04-05,0.99817117,0.9961351300000001
307,부읽남,2023-04-04,0.9848043989999999,0.999926087
308,부읽남,2023-04-03,0.958618254,0.99995413
309,부읽남,2023-04-03,0.997434286,0.9999555
310,부읽남,2023-04-02,0.9641646260000001,0.99864552
311,부읽남,2023-04-01,0.98145991,0.999873646
312,부읽남,2023-03-31,0.995054934,0.9997850739999999
313,부읽남,2023-03-31,0.9856063020000001,0.9999433
314,부읽남,2023-03-30,0.964579745,0.999934848
315,부읽남,2023-03-30,0.9572730039999999,0.996900136
316,부읽남,2023-03-29,0.9423029209999999,0.99376464
317,부읽남,2023-03-29,0.932680767,0.999199677
318,부읽남,2023-03-28,0.989914825,0.999908101
319,부읽남,2023-03-27,0.998388756,0.999653372
320,부읽남,2023-03-27,0.994476699,0.99993684
321,부읽남,2023-03-26,0.97853333,0.997788848
322,부읽남,2023-03-25,0.9287139000000001,0.566308358
323,부읽남,2023-03-25,0.979949469,0.99994195
324,부읽남,2023-03-24,0.985581499,0.9999277400000001
325,부읽남,2023-03-23,0.995520763,0.99995234
326,부읽남,2023-03-23,0.9631998350000001,0.9999441499999999
327,부읽남,2023-03-22,0.996995227,0.99992886
328,부읽남,2023-03-22,0.908812362,0.185816363
329,부읽남,2023-03-21,0.934949044,0.996303955
330,부읽남,2023-03-20,0.991811386,0.99994926
331,부읽남,2023-03-20,0.987502476,0.9998837
332,부읽남,2023-03-19,0.992600512,0.99990946
333,부읽남,2023-03-18,0.997118538,0.99992915
334,부읽남,2023-03-17,0.973730513,0.998215115
335,부읽남,2023-03-17,0.983114802,0.9998557299999999
336,부읽남,2023-03-16,0.9129416429999999,0.998724001
337,부읽남,2023-03-16,0.9158976240000001,0.9997595
338,부읽남,2023-03-15,0.996842076,0.9999568000000001
339,부읽남,2023-03-15,0.9497905379999999,0.99990427
340,부읽남,2023-03-14,0.9795717989999999,0.9999349599999999
341,부읽남,2023-03-13,0.976806272,0.99989264
342,부읽남,2023-03-13,0.99835934,0.99995546
343,부읽남,2023-03-12,0.997594026,0.9998322000000001
344,부읽남,2023-03-11,0.956470532,0.9998672980000001
345,부읽남,2023-03-11,0.99783241,0.9999448999999999
346,부읽남,2023-03-10,0.9902356840000001,0.999691367
347,부읽남,2023-03-09,0.963391427,0.99990366
348,부읽남,2023-03-09,0.996660416,0.9999496
349,부읽남,2023-03-08,0.987392271,0.999879824
350,부읽남,2023-03-08,0.998283587,0.99996706
351,부읽남,2023-03-07,0.9980336240000001,0.9999372000000001
352,부읽남,2023-03-06,0.939962247,0.999812327
353,부읽남,2023-03-06,0.9877635020000001,0.99995025
354,부읽남,2023-03-05,0.960630642,0.99995033
355,부읽남,2023-03-04,0.976604024,0.9999532
356,부읽남,2023-03-04,0.9887392660000001,0.9999317000000001
357,부읽남,2023-03-03,0.973958739,0.999213604
358,부읽남,2023-03-02,0.989477782,0.997113754
359,부읽남,2023-03-02,0.976018111,0.99994706
360,부읽남,2023-03-01,0.997910116,0.9984553509999999
361,부읽남,2023-02-28,0.991950364,0.999944641
362,부읽남,2023-02-27,0.9945649230000001,0.999641082
363,부읽남,2023-02-27,0.969223165,0.9999319
364,부읽남,2023-02-26,0.990322743,0.999884658
365,부읽남,2023-02-25,0.972492882,0.99989556
366,부읽남,2023-02-25,0.986753224,0.9999605
367,부읽남,2023-02-24,0.9866314939999999,0.9997914640000001
368,부읽남,2023-02-24,0.9391666030000001,0.999837233
369,부읽남,2023-02-23,0.998389089,0.99995524
370,부읽남,2023-02-23,0.971657361,0.9999327699999999
371,부읽남,2023-02-22,0.998870164,0.9999614
372,부읽남,2023-02-22,0.963284017,0.9999446
373,부읽남,2023-02-21,0.984449223,0.9999581
374,부읽남,2023-02-20,0.976770059,0.9999475
375,부읽남,2023-02-20,0.940028145,0.99994066
376,부읽남,2023-02-19,0.9977494060000001,0.9999421
377,부읽남,2023-02-18,0.9411897730000001,0.9999087600000001
378,부읽남,2023-02-18,0.990137361,0.9999452999999999
379,부읽남,2023-02-17,0.999335717,0.9999268029999999
380,부읽남,2023-02-17,0.9936221949999999,0.9991815420000001
381,부읽남,2023-02-16,0.930587249,0.995188844
382,부읽남,2023-02-16,0.998244805,0.9999553
383,부읽남,2023-02-15,0.9694136980000001,0.99994856
384,부읽남,2023-02-15,0.989689485,0.99990104
385,부읽남,2023-02-13,0.999449874,0.9999583
386,부읽남,2023-02-13,0.99800007,0.9999311
387,부읽남,2023-02-12,0.995875113,0.999920142
388,부읽남,2023-02-11,0.973581634,0.9998180799999999
389,부읽남,2023-02-11,0.988396454,0.9999287400000001
390,부읽남,2023-02-10,0.993709834,0.9999242
391,부읽남,2023-02-10,0.997410198,0.9999395000000001
392,부읽남,2023-02-09,0.996070394,0.999853397
393,부읽남,2023-02-09,0.991666206,0.9999466
394,부읽남,2023-02-08,0.9977950520000001,0.9999538
395,부읽남,2023-02-08,0.9778591830000001,0.9998829149999999
396,부읽남,2023-02-07,0.983544109,0.9999239999999999
397,부읽남,2023-02-06,0.980290938,0.99988515
398,부읽남,2023-02-06,0.987828703,0.999930562
399,부읽남,2023-02-05,0.999146291,0.9999497
400,부읽남,2023-02-04,0.965185282,0.999584115
401,부읽남,2023-02-04,0.9982526429999999,0.99994346
402,부읽남,2023-02-03,0.9791241679999999,0.9998785
403,부읽남,2023-02-03,0.978492787,0.999804786
404,부읽남,2023-02-02,0.9952694959999999,0.99995285
405,부읽남,2023-02-02,0.99259662,0.9999344
406,부읽남,2023-02-01,0.999267302,0.99995725
407,부읽남,2023-02-01,0.99090632,0.999903032
408,부읽남,2023-01-31,0.998164567,0.9999603499999999
409,부읽남,2023-01-30,0.99243241,0.9999529
410,부읽남,2023-01-30,0.9994548600000001,0.9999399
411,부읽남,2023-01-29,0.969833986,0.997910628
412,부읽남,2023-01-28,0.985349454,0.999937949
413,부읽남,2023-01-28,0.958764029,0.007174973
414,부읽남,2023-01-27,0.971895071,0.9950573490000001
415,부읽남,2023-01-27,0.976486876,0.99970494
416,부읽남,2023-01-26,0.988134819,0.9997501419999999
417,부읽남,2023-01-26,0.980962436,0.9999305
418,부읽남,2023-01-25,0.975354788,0.52276339
419,부읽남,2023-01-25,0.9886963379999999,0.999885198
420,부읽남,2023-01-23,0.975199758,0.9999471999999999
421,부읽남,2023-01-23,0.9674600950000001,0.99760851
422,부읽남,2023-01-23,0.9924591190000001,0.999912973
423,부읽남,2023-01-22,0.9842540439999999,0.999906203
424,부읽남,2023-01-21,0.929621896,0.9999398
425,부읽남,2023-01-20,0.9044765459999999,0.9998962
426,부읽남,2023-01-20,0.987208193,0.999774604
427,부읽남,2023-01-19,0.976428522,0.99994484
428,부읽남,2023-01-19,0.997205816,0.999878665
429,부읽남,2023-01-18,0.970234784,0.999853592
430,부읽남,2023-01-18,0.970692941,0.9999450999999999
431,부읽남,2023-01-17,0.977870452,0.99969585
432,부읽남,2023-01-16,0.964142693,0.999914
433,부읽남,2023-01-15,0.977278357,0.9983673
434,부읽남,2023-01-14,0.9929033399999999,0.999825035
435,부읽남,2023-01-14,0.9991724479999999,0.999961
436,부읽남,2023-01-13,0.964883696,0.9998859999999999
437,부읽남,2023-01-13,0.979784768,0.999580562
438,부읽남,2023-01-12,0.997106292,0.9999185
439,부읽남,2023-01-12,0.943143019,0.9999288000000001
440,부읽남,2023-01-11,0.972609583,0.9999459
441,부읽남,2023-01-11,0.992615796,0.999902378
442,부읽남,2023-01-10,0.988606678,0.9999496999999999
443,부읽남,2023-01-09,0.951265244,0.999710223
444,부읽남,2023-01-09,0.997920617,0.9999629
445,부읽남,2023-01-08,0.9888479419999999,0.99877316
446,부읽남,2023-01-07,0.988586853,0.9999566
447,부읽남,2023-01-07,0.990509756,0.99995745
448,부읽남,2023-01-06,0.994053646,0.9996709
449,부읽남,2023-01-06,0.987853438,0.999880158
450,부읽남,2023-01-05,0.984976518,0.99994756
451,부읽남,2023-01-05,0.991016324,0.9999368399999999
452,부읽남,2023-01-04,0.993348441,0.999600414
453,부읽남,2023-01-04,0.954224873,0.99994444
454,부읽남,2023-01-03,0.995132554,0.9999491
455,부읽남,2023-01-02,0.9764423050000001,0.9999277
456,부읽남,2023-01-02,0.980697295,0.99992315
457,부읽남,2023-01-01,0.980019966,0.9999663999999999
458,부읽남,2022-12-31,0.98949846,0.9999618
459,부읽남,2022-12-30,0.977029951,0.9999595
460,부읽남,2022-12-30,0.979495511,0.9999437999999999
461,부읽남,2022-12-29,0.97199098,0.9993986429999999
462,부읽남,2022-12-29,0.9551983559999999,0.9999605
463,부읽남,2022-12-28,0.986462226,0.9998420689999999
464,부읽남,2022-12-28,0.9712167309999999,0.9999625999999999
465,부읽남,2022-12-27,0.99220929,0.9997752590000001
466,부읽남,2022-12-26,0.984217865,0.999946
467,부읽남,2022-12-26,0.901749433,0.99989765
468,부읽남,2022-12-25,0.9940721149999999,0.9998939640000001
469,부읽남,2022-12-23,0.993434477,0.9998925999999999
470,부읽남,2022-12-22,0.9765442910000001,0.99994755
471,부읽남,2022-12-22,0.997513369,0.9998979689999999
472,부읽남,2022-12-21,0.9968783400000001,0.9999427
473,부읽남,2022-12-21,0.988973788,0.99993245
474,부읽남,2022-12-21,0.973600667,0.9999595
475,부읽남,2022-12-20,0.981087055,0.9997433
476,부읽남,2022-12-19,0.9377258509999999,0.999456951
477,부읽남,2022-12-19,0.97990011,0.999273506
478,부읽남,2022-12-19,0.988183933,0.999903906
479,부읽남,2022-12-18,0.9960251440000001,0.9999492999999999
480,부읽남,2022-12-18,0.97526389,0.9999574299999999
481,부읽남,2022-12-16,0.97854306,0.9994202240000001
482,부읽남,2022-12-16,0.991677998,0.9999321
483,부읽남,2022-12-15,0.939652603,0.99979494
484,부읽남,2022-12-15,0.97305248,0.9998445
485,부읽남,2022-12-14,0.985468598,0.99914934
486,부읽남,2022-12-14,0.990289854,0.99992755
487,부읽남,2022-12-14,0.9971813730000001,0.9996270949999999
488,부읽남,2022-12-13,0.965762038,0.99995087
489,부읽남,2022-12-13,0.988984252,0.999925357
490,부읽남,2022-12-12,0.994525802,0.999387668
491,부읽남,2022-12-12,0.981438072,0.9999536400000001
492,부읽남,2022-12-12,0.9624586390000001,0.9998245
493,부읽남,2022-12-11,0.9891221210000001,0.9995589300000001
494,부읽남,2022-12-11,0.9516521179999999,0.23304054
495,부읽남,2022-12-10,0.995806673,0.9999393
496,부읽남,2022-12-09,0.946519381,0.99995125
497,부읽남,2022-12-08,0.995629252,0.9999286000000001
498,부읽남,2022-12-08,0.985617021,0.999893332
499,부읽남,2022-12-08,0.9990804379999999,0.999928308
500,부읽남,2022-12-07,0.973294749,0.999945
501,부읽남,2022-12-07,0.9836864399999999,0.999658826
502,부읽남,2022-12-07,0.965305665,0.991640673
503,부읽남,2022-12-07,0.997290764,0.9997313879999999
504,부읽남,2022-12-06,0.997825838,0.9999523
505,부읽남,2022-12-05,0.9867827109999999,0.9998786
506,부읽남,2022-12-05,0.984983597,0.999952496
507,부읽남,2022-12-05,0.982232877,0.99994755
508,부읽남,2022-12-04,0.965395941,0.996744066
509,부읽남,2022-12-04,0.966001933,0.9997318
510,부읽남,2022-12-03,0.984008015,0.9999355999999999
511,부읽남,2022-12-02,0.942136537,0.9999309399999999
512,부읽남,2022-12-02,0.994724684,0.9999515999999999
513,부읽남,2022-12-02,0.986796054,0.999823073
514,부읽남,2022-12-01,0.9853424669999999,0.9999546
515,부읽남,2022-12-01,0.9661527339999999,0.997615275
516,부읽남,2022-11-30,0.9814198350000001,0.99978236
517,부읽남,2022-11-30,0.978911305,0.9999227
518,부읽남,2022-11-30,0.9824623490000001,0.9999563
519,부읽남,2022-11-29,0.959369697,0.996012487
520,부읽남,2022-11-29,0.989168489,0.9999625
521,부읽남,2022-11-28,0.990486223,0.99995805
522,부읽남,2022-11-28,0.994478178,0.9999535
523,부읽남,2022-11-27,0.975509847,0.9999515
524,부읽남,2022-11-27,0.9729112649999999,0.999942793
525,부읽남,2022-11-26,0.982965839,0.9999578
526,부읽남,2022-11-26,0.9641972569999999,0.9999496
527,부읽남,2022-11-25,0.990147333,0.999633385
528,부읽남,2022-11-24,0.982986958,0.99994744
529,부읽남,2022-11-24,0.987521103,0.9999560399999999
530,부읽남,2022-11-23,0.9957368390000001,0.99995727
531,부읽남,2022-11-23,0.971785677,0.999932481
532,부읽남,2022-11-23,0.9645982089999999,0.9999192
533,부읽남,2022-11-22,0.995952819,0.9999638599999999
534,부읽남,2022-11-22,0.977329043,0.9999624500000001
535,부읽남,2022-11-21,0.944604554,0.9998909
536,부읽남,2022-11-21,0.97582295,0.9999532999999999
537,부읽남,2022-11-21,0.9655160970000001,0.99991876
538,부읽남,2022-11-20,0.975297679,0.9999186
539,부읽남,2022-11-20,0.989531231,0.9999595
540,부읽남,2022-11-19,0.9889587160000001,0.9999092039999999
541,부읽남,2022-11-19,0.998090359,0.9999686
542,부읽남,2022-11-18,0.986406427,0.999943818
543,부읽남,2022-11-18,0.996671003,0.999733042
544,부읽남,2022-11-18,0.921146943,0.9999061
545,부읽남,2022-11-17,0.9863278270000001,0.99992914
546,부읽남,2022-11-17,0.970920565,0.9999461000000001
547,부읽남,2022-11-16,0.997542778,0.999831561
548,부읽남,2022-11-16,0.823846583,0.963472291
549,부읽남,2022-11-16,0.997501863,0.8380674770000001
550,부읽남,2022-11-15,0.994485333,0.9999567
551,부읽남,2022-11-15,0.985828317,0.9998911
552,부읽남,2022-11-15,0.975076511,0.9999205000000001
553,부읽남,2022-11-15,0.9823115769999999,0.99995984
554,부읽남,2022-11-14,0.9987429130000001,0.9998542
555,부읽남,2022-11-14,0.994663838,0.9999522000000001
556,부읽남,2022-11-13,0.9205022890000001,0.999842072
557,부읽남,2022-11-13,0.998041936,0.999945
558,부읽남,2022-11-12,0.996250178,0.9999547000000001
559,부읽남,2022-11-11,0.9660739460000001,0.99994823
560,부읽남,2022-11-11,0.980818396,0.9999589999999999
561,부읽남,2022-11-10,0.979432224,0.9998047
562,부읽남,2022-11-10,0.998917879,0.9999587
563,부읽남,2022-11-10,0.997875486,0.9999521
564,부읽남,2022-11-09,0.985227638,0.998414992
565,부읽남,2022-11-09,0.9842668320000001,0.9999139
566,부읽남,2022-11-08,0.974005696,0.999950173
567,부읽남,2022-11-08,0.987698599,0.999603614
568,부읽남,2022-11-07,0.984045693,0.99996673
569,부읽남,2022-11-07,0.985008706,0.99995966
570,부읽남,2022-11-06,0.9330119729999999,0.99995223
571,부읽남,2022-11-05,0.9856680910000001,0.999387814
572,부읽남,2022-11-04,0.993608939,0.99804529
573,부읽남,2022-11-03,0.996351986,0.999786575
574,부읽남,2022-11-03,0.898807781,0.999279037
575,부읽남,2022-11-02,0.984985735,0.999923513
576,부읽남,2022-11-02,0.9465640439999999,0.9659625060000001
577,부읽남,2022-11-01,0.979136157,0.966502569
578,부읽남,2022-11-01,0.991543755,0.9999524000000001
579,부읽남,2022-10-31,0.984271633,0.9999599
580,부읽남,2022-10-31,0.9965576190000001,0.99995464
581,부읽남,2022-10-29,0.988865612,0.999646942
582,부읽남,2022-10-28,0.9864285979999999,0.999946
583,부읽남,2022-10-27,0.991219855,0.999945
584,부읽남,2022-10-27,0.984864096,0.99996367
585,부읽남,2022-10-26,0.977715269,0.999684029
586,부읽남,2022-10-25,0.993469042,0.999523393
587,부읽남,2022-10-24,0.976645019,0.9999473999999999
588,부읽남,2022-10-23,0.996545836,0.9999578
589,부읽남,2022-10-23,0.987595881,0.999883915
590,부읽남,2022-10-22,0.982149025,0.99995226
591,부읽남,2022-10-21,0.982327081,0.999838448
592,부읽남,2022-10-20,0.9985646020000001,0.999904426
593,부읽남,2022-10-20,0.991845326,0.999840365
594,부읽남,2022-10-19,0.978991303,0.9997740979999999
595,부읽남,2022-10-19,0.985674084,0.99993193
596,부읽남,2022-10-18,0.986641397,0.014135815
597,부읽남,2022-10-18,0.985798496,0.998664294
598,부읽남,2022-10-17,0.984174171,0.9999610999999999
599,부읽남,2022-10-17,0.980950246,0.9999551
600,부읽남,2022-10-16,0.973510661,0.9999402
601,부읽남,2022-10-16,0.988899829,0.9999445
602,부읽남,2022-10-15,0.9191359499999999,0.992182635
603,부읽남,2022-10-14,0.986615569,0.999968
604,부읽남,2022-10-14,0.993712857,0.9995423840000001
605,부읽남,2022-10-13,0.973018313,0.9999524599999999
606,부읽남,2022-10-13,0.972953375,0.9998677
607,부읽남,2022-10-12,0.937881093,0.995748506
608,부읽남,2022-10-12,0.993148448,0.99985985
609,부읽남,2022-10-11,0.969565921,0.9998951509999999
610,부읽남,2022-10-11,0.989588562,0.9998706
611,부읽남,2022-10-10,0.977714557,0.99984423
612,부읽남,2022-10-10,0.9123503510000001,0.9956597079999999
613,부읽남,2022-10-09,0.985268206,0.99976665
614,부읽남,2022-10-09,0.993321149,0.999949116
615,부읽남,2022-10-08,0.9660724340000001,0.9999534
616,부읽남,2022-10-07,0.967329497,0.9999604
617,부읽남,2022-10-06,0.988279732,0.9997229150000001
618,부읽남,2022-10-06,0.9924685520000001,0.9999604
619,부읽남,2022-10-05,0.997233026,0.9999599
620,부읽남,2022-10-05,0.997415354,0.999928467
621,부읽남,2022-10-04,0.9928622260000001,0.9998916
622,부읽남,2022-10-04,0.975100138,0.9999663
623,부읽남,2022-10-03,0.992976106,0.9999515999999999
624,부읽남,2022-10-03,0.990197689,0.998267962
625,부읽남,2022-10-02,0.9935286,0.9999326
626,부읽남,2022-10-02,0.992962814,0.999821888
627,부읽남,2022-10-01,0.994238849,0.999893231
628,부읽남,2022-10-01,0.990579652,0.9999658
629,부읽남,2022-09-30,0.984168936,0.9983689210000001
630,부읽남,2022-09-30,0.986696694,0.999895864
631,부읽남,2022-09-30,0.978971724,0.9995988339999999
632,부읽남,2022-09-29,0.9866033790000001,0.9999603
633,부읽남,2022-09-29,0.994071642,0.99995814
634,부읽남,2022-09-28,0.989379002,0.9999098139999999
635,부읽남,2022-09-28,0.977533758,0.039621157
636,부읽남,2022-09-27,0.982119045,0.99996146
637,부읽남,2022-09-27,0.984725075,0.9999485
638,부읽남,2022-09-26,0.992014332,0.998782095
639,부읽남,2022-09-26,0.9882606310000001,0.9999576
640,부읽남,2022-09-25,0.9969070649999999,0.999937216
641,부읽남,2022-09-25,0.981090801,0.9999575
642,부읽남,2022-09-24,0.9949122699999999,0.9999268
643,부읽남,2022-09-23,0.9866322129999999,0.99992543
644,부읽남,2022-09-22,0.997410757,0.999942778
645,부읽남,2022-09-22,0.980153178,0.9998486280000001
646,부읽남,2022-09-22,0.998602969,0.99994047
647,부읽남,2022-09-21,0.984028664,0.99992896
648,부읽남,2022-09-21,0.986055226,0.9999711
649,부읽남,2022-09-20,0.904266885,0.9999281999999999
650,부읽남,2022-09-20,0.997295961,0.9999534
651,부읽남,2022-09-19,0.9812396210000001,0.9999656
652,부읽남,2022-09-19,0.998693327,0.999813153
653,부읽남,2022-09-18,0.996491899,0.9998883
654,부읽남,2022-09-17,0.9880498440000001,0.99993456
655,부읽남,2022-09-17,0.989141146,0.9997776
656,부읽남,2022-09-16,0.983527593,0.9999574000000001
657,부읽남,2022-09-16,0.991401809,0.996486274
658,부읽남,2022-09-15,0.960677355,0.999610898
659,부읽남,2022-09-15,0.972131161,0.9998548039999999
660,부읽남,2022-09-15,0.9963498719999999,0.99995044
661,부읽남,2022-09-14,0.958642865,0.9995961
662,부읽남,2022-09-14,0.9900686369999999,0.9999409300000001
663,부읽남,2022-09-13,0.990964955,0.99995684
664,부읽남,2022-09-13,0.982870805,0.99993964
665,부읽남,2022-09-12,0.9973454549999999,0.9999619
666,부읽남,2022-09-12,0.9932245740000001,0.9999382499999999
667,부읽남,2022-09-11,0.989862948,0.99859917
668,부읽남,2022-09-11,0.971347468,0.007742524000000001
669,부읽남,2022-09-10,0.994264315,0.9999499300000001
670,부읽남,2022-09-10,0.993320095,0.999264
671,부읽남,2022-09-09,0.9904679350000001,0.9999319999999999
672,부읽남,2022-09-09,0.993648505,0.999711204
673,부읽남,2022-09-08,0.9627600869999999,0.9998390779999999
674,부읽남,2022-09-08,0.997067542,0.99996025
675,부읽남,2022-09-07,0.9889343159999999,0.9999513999999999
676,부읽남,2022-09-07,0.9947534640000001,0.99994433
677,부읽남,2022-09-07,0.991095641,0.8541847
678,부읽남,2022-09-06,0.9919831769999999,0.9997744239999999
679,부읽남,2022-09-05,0.996420775,0.9999651300000001
680,부읽남,2022-09-05,0.980340619,0.999801537
681,부읽남,2022-09-04,0.990495885,0.99993656
682,부읽남,2022-09-03,0.996553599,0.9999374000000001
683,부읽남,2022-09-03,0.965038641,0.9998990000000001
684,부읽남,2022-09-02,0.97487878,0.9999302499999999
685,부읽남,2022-09-02,0.9632795679999999,0.9999472
686,부읽남,2022-09-02,0.9937015339999999,0.999936614
687,부읽남,2022-09-01,0.989123818,0.99989033
688,부읽남,2022-09-01,0.9925323770000001,0.999777
689,부읽남,2022-08-31,0.99639482,0.999844192
690,부읽남,2022-08-31,0.986790127,0.9999417
691,부읽남,2022-08-30,0.975431409,0.9999506
692,부읽남,2022-08-29,0.9891604119999999,0.999928717
693,부읽남,2022-08-29,0.992431119,0.9998018
694,부읽남,2022-08-28,0.974813991,0.9999197599999999
695,부읽남,2022-08-28,0.9725974589999999,0.999935924
696,부읽남,2022-08-27,0.9897169629999999,0.99996075
697,부읽남,2022-08-27,0.993638169,0.999862149
698,부읽남,2022-08-26,0.990808472,0.9999564599999999
699,부읽남,2022-08-26,0.996684848,0.999958
700,부읽남,2022-08-26,0.9908946630000001,0.9994596539999999
701,부읽남,2022-08-25,0.993555094,0.999808735
702,부읽남,2022-08-25,0.99587512,0.260119852
703,부읽남,2022-08-24,0.9988373620000001,0.9999281
704,부읽남,2022-08-24,0.990688811,0.999816296
705,부읽남,2022-08-23,0.971980289,0.9999517
706,부읽남,2022-08-22,0.991106402,0.999736446
707,부읽남,2022-08-22,0.995376703,0.9999597
708,부읽남,2022-08-21,0.997366052,0.999611036
709,부읽남,2022-08-21,0.993963622,0.9999572000000001
710,부읽남,2022-08-20,0.9854332219999999,0.9998797150000001
711,부읽남,2022-08-20,0.9866339420000001,0.9999597
712,부읽남,2022-08-19,0.9719358619999999,0.999424912
713,부읽남,2022-08-18,0.984203257,0.9999523
714,부읽남,2022-08-18,0.992910147,0.9999559
715,부읽남,2022-08-17,0.9900215360000001,0.9995250480000001
716,부읽남,2022-08-17,0.969347177,0.9102973120000001
717,부읽남,2022-08-16,0.96559599,0.9999098999999999
718,부읽남,2022-08-15,0.9925230810000001,0.9999565
719,부읽남,2022-08-14,0.942876204,0.9993336230000001
720,부읽남,2022-08-14,0.995627613,0.999904334
721,부읽남,2022-08-14,0.997567973,0.9999459709999999
722,부읽남,2022-08-13,0.9944537880000001,0.9999593
723,부읽남,2022-08-11,0.985778763,0.9998324289999999
724,부읽남,2022-08-11,0.992280787,0.979907069
725,부읽남,2022-08-10,0.982212963,0.9999675299999999
726,부읽남,2022-08-10,0.9875194629999999,0.99994886
727,부읽남,2022-08-10,0.9809594519999999,0.99994015
728,부읽남,2022-08-09,0.995458804,0.999933906
729,부읽남,2022-08-08,0.984054553,0.99932267
730,부읽남,2022-08-08,0.987556207,0.9999419
731,부읽남,2022-08-07,0.996042229,0.999826907
732,부읽남,2022-08-06,0.989745836,0.99994038
733,부읽남,2022-08-05,0.986271144,0.99996376
734,부읽남,2022-08-04,0.934704281,0.999734255
735,부읽남,2022-08-04,0.973192675,0.998730286
736,부읽남,2022-08-04,0.967889452,0.99996105
737,부읽남,2022-08-03,0.987761144,0.99996354
738,부읽남,2022-08-03,0.993961777,0.9999587600000001
739,부읽남,2022-08-02,0.981429307,0.9999568999999999
740,부읽남,2022-08-02,0.9454824430000001,0.9998529349999999
741,부읽남,2022-08-01,0.996411031,0.9999565699999999
742,부읽남,2022-08-01,0.9891673590000001,0.999809115
743,부읽남,2022-08-01,0.9941267890000001,0.9999241
744,부읽남,2022-07-31,0.997001752,0.9999605
745,부읽남,2022-07-31,0.9931407170000001,0.999542266
746,부읽남,2022-07-30,0.9788140479999999,0.99995273
747,부읽남,2022-07-29,0.9765920760000001,0.9999515999999999
748,부읽남,2022-07-28,0.987458281,0.9995288379999999
749,부읽남,2022-07-28,0.99594431,0.999918046
750,부읽남,2022-07-28,0.961269307,0.9999382
751,부읽남,2022-07-27,0.994889774,0.99986274
752,부읽남,2022-07-27,0.98613392,0.999843978
753,부읽남,2022-07-26,0.9931346520000001,0.9998338
754,부읽남,2022-07-26,0.996382487,0.9999644
755,부읽남,2022-07-25,0.985876801,0.9999324500000001
756,부읽남,2022-07-25,0.993862743,0.9999412
757,부읽남,2022-07-24,0.9985814199999999,0.9999004
758,부읽남,2022-07-24,0.994165008,0.9998304299999999
759,부읽남,2022-07-24,0.963664116,0.989776871
760,부읽남,2022-07-24,0.989271598,0.9999446000000001
761,부읽남,2022-07-23,0.990239687,0.9999583
762,부읽남,2022-07-22,0.9734972580000001,0.9999471000000001
763,부읽남,2022-07-22,0.9562747,0.999330551
764,부읽남,2022-07-22,0.988727288,0.9999336
765,부읽남,2022-07-21,0.974304108,0.9999460499999999
766,부읽남,2022-07-21,0.99569077,0.9999593999999999
767,부읽남,2022-07-20,0.9927042,0.9999406000000001
768,부읽남,2022-07-20,0.967078145,0.999956
769,부읽남,2022-07-19,0.9978865659999999,0.999936032
770,부읽남,2022-07-18,0.971711757,0.99996434
771,부읽남,2022-07-18,0.989793936,0.99995385
772,부읽남,2022-07-17,0.9839706319999999,0.99995325
773,부읽남,2022-07-17,0.9721347020000001,0.9999569
774,부읽남,2022-07-16,0.952064781,0.99996034
775,부읽남,2022-07-16,0.994882044,0.9999492
776,부읽남,2022-07-16,0.980432417,0.99995676
777,부읽남,2022-07-15,0.98129122,0.9997727000000001
778,부읽남,2022-07-15,0.9444261260000001,0.9997921240000001
779,부읽남,2022-07-14,0.9446824939999999,0.99995084
780,부읽남,2022-07-14,0.980428369,0.999778056
781,부읽남,2022-07-13,0.987453196,0.9994443999999999
782,부읽남,2022-07-13,0.992179994,0.99993677
783,부읽남,2022-07-12,0.980454841,0.9998492
784,부읽남,2022-07-11,0.993740274,0.9999542299999999
785,부읽남,2022-07-11,0.993312377,0.9999398
786,부읽남,2022-07-10,0.9986770340000001,0.9998604440000001
787,부읽남,2022-07-09,0.979216166,0.999727554
788,부읽남,2022-07-08,0.9946932,0.999907183
789,부읽남,2022-07-08,0.988232004,0.9999330000000001
790,부읽남,2022-07-08,0.979643818,0.8044933449999999
791,부읽남,2022-07-07,0.984719323,0.9999648999999999
792,부읽남,2022-07-07,0.9887524010000001,0.999952
793,부읽남,2022-07-06,0.995899619,0.9999368000000001
794,부읽남,2022-07-06,0.988044929,0.9998728020000001
795,부읽남,2022-07-04,0.960705451,0.9999433600000001
796,부읽남,2022-07-04,0.9990571239999999,0.9999317
797,부읽남,2022-07-03,0.994244241,0.999748442
798,부읽남,2022-07-02,0.97480019,0.9999468
799,부읽남,2022-07-02,0.9802715059999999,0.9999216000000001
800,부읽남,2022-07-01,0.9922922710000001,0.99985924
801,부읽남,2022-07-01,0.965338448,0.999827158
802,부읽남,2022-06-30,0.9878839420000001,0.99995606
803,부읽남,2022-06-29,0.989549938,0.99982845
804,부읽남,2022-06-28,0.9979842560000001,0.999791363
805,부읽남,2022-06-27,0.98885184,0.99995777
806,부읽남,2022-06-26,0.993003966,0.9999560000000001
807,부읽남,2022-06-26,0.980871049,0.999901433
808,부읽남,2022-06-25,0.995901851,0.999922283
809,부읽남,2022-06-24,0.983026857,0.999776962
810,부읽남,2022-06-24,0.989879666,0.999478771
811,부읽남,2022-06-23,0.985779374,0.9999599
812,부읽남,2022-06-22,0.984548009,0.999818981
813,부읽남,2022-06-22,0.991818438,0.99992715
814,부읽남,2022-06-21,0.9747347230000001,0.9999584
815,부읽남,2022-06-20,0.97538082,0.528352289
816,부읽남,2022-06-19,0.998919933,0.9999575399999999
817,부읽남,2022-06-18,0.988210202,0.9997313299999999
818,부읽남,2022-06-18,0.990480991,0.9999553
819,부읽남,2022-06-17,0.974690232,0.999873493
820,부읽남,2022-06-16,0.99111537,0.9998940150000001
821,부읽남,2022-06-16,0.995483381,0.999871914
822,부읽남,2022-06-15,0.942749506,0.9999542
823,부읽남,2022-06-14,0.991302969,0.9999369
824,부읽남,2022-06-13,0.987032656,0.99983733
825,부읽남,2022-06-12,0.997559133,0.9999473
826,부읽남,2022-06-11,0.978832847,0.998914525
827,부읽남,2022-06-11,0.983373059,0.99383029
828,부읽남,2022-06-10,0.9842524680000001,0.999925791
829,부읽남,2022-06-10,0.986582832,0.99995375
830,부읽남,2022-06-09,0.993203161,0.99992666
831,부읽남,2022-06-09,0.994883419,0.99995454
832,부읽남,2022-06-08,0.9980925039999999,0.9998294
833,부읽남,2022-06-07,0.987070542,0.9999223009999999
834,부읽남,2022-06-06,0.992973306,0.998872436
835,부읽남,2022-06-05,0.986675724,0.997544036
836,부읽남,2022-06-04,0.989121904,0.9999526000000001
837,부읽남,2022-06-04,0.9970843349999999,0.9996033089999999
838,부읽남,2022-06-03,0.99346793,0.997018724
839,부읽남,2022-06-03,0.99173503,0.999947908
840,부읽남,2022-06-02,0.986583682,0.986184254
841,부읽남,2022-06-02,0.996593136,0.9999533599999999
842,부읽남,2022-06-01,0.984304602,0.999963
843,부읽남,2022-05-31,0.991512819,0.9998778580000001
844,부읽남,2022-05-31,0.975604616,0.999869534
845,부읽남,2022-05-30,0.9976693090000001,0.9247850049999999
846,부읽남,2022-05-29,0.991471985,0.999896211
847,부읽남,2022-05-28,0.995682453,0.9991337800000001
848,부읽남,2022-05-28,0.9960488089999999,0.9999585
849,부읽남,2022-05-27,0.991870755,0.99995124
850,부읽남,2022-05-26,0.981719325,0.99996584
851,부읽남,2022-05-25,0.995862678,0.9999556399999999
852,부읽남,2022-05-24,0.981932484,0.9999208
853,부읽남,2022-05-23,0.9977344789999999,0.999820814
854,부읽남,2022-05-22,0.988997896,0.99996024
855,부읽남,2022-05-21,0.99048207,0.99996246
856,부읽남,2022-05-21,0.981312837,0.9999219
857,부읽남,2022-05-20,0.985366095,0.9999553000000001
858,부읽남,2022-05-20,0.964296035,0.9998575949999999
859,부읽남,2022-05-19,0.981349923,0.9999553600000001
860,부읽남,2022-05-18,0.976126888,0.9999553
861,부읽남,2022-05-17,0.9831421069999999,0.9999532
862,부읽남,2022-05-17,0.9904765299999999,0.999933674
863,부읽남,2022-05-16,0.98885465,0.99991686
864,부읽남,2022-05-15,0.971209183,0.999142953
865,부읽남,2022-05-14,0.980104719,0.6378639460000001
866,부읽남,2022-05-13,0.9698368470000001,0.9999454
867,부읽남,2022-05-12,0.998107445,0.9999534299999999
868,부읽남,2022-05-11,0.996353371,0.999887365
869,부읽남,2022-05-10,0.9894240240000001,0.99996324
870,부읽남,2022-05-09,0.968112253,0.999810902
871,부읽남,2022-05-07,0.9829440500000001,0.9999491
872,부읽남,2022-05-07,0.988848401,0.999933037
873,부읽남,2022-05-06,0.9908216430000001,0.9999647
874,부읽남,2022-05-05,0.994700774,0.99988351
875,부읽남,2022-05-04,0.9732713350000001,0.9995133700000001
876,부읽남,2022-05-03,0.990673311,0.9999089
877,부읽남,2022-05-02,0.980490933,0.9999116450000001
878,부읽남,2022-05-01,0.9822678730000001,0.999908825
879,부읽남,2022-04-30,0.996614588,0.9999609
880,부읽남,2022-04-29,0.9880704069999999,0.9999643
881,부읽남,2022-04-28,0.988465258,0.9995756179999999
882,부읽남,2022-04-27,0.9831554029999999,0.9998954830000001
883,부읽남,2022-04-26,0.993332258,0.99996127
884,부읽남,2022-04-26,0.996836304,0.999816928
885,부읽남,2022-04-25,0.991412154,0.9999511600000001
886,부읽남,2022-04-23,0.992540898,0.9995593070000001
887,부읽남,2022-04-22,0.986630488,0.9999529
888,부읽남,2022-04-21,0.987749984,0.999302301
889,부읽남,2022-04-21,0.996203814,0.99995134
890,부읽남,2022-04-20,0.9595087800000001,0.99996125
891,부읽남,2022-04-19,0.996493107,0.9999553
892,부읽남,2022-04-18,0.9953196009999999,0.970597267
893,부읽남,2022-04-16,0.985700702,0.9999376
894,부읽남,2022-04-15,0.9292900949999999,0.9999375
895,부읽남,2022-04-14,0.9441885609999999,0.9636730250000001
896,부읽남,2022-04-13,0.97911415,0.9999608
897,부읽남,2022-04-12,0.997103214,0.9999565
898,부읽남,2022-04-11,0.984693014,0.99962516
899,부읽남,2022-04-09,0.9842869999999999,0.999753
900,부읽남,2022-04-08,0.993558361,0.99994796
901,부읽남,2022-04-07,0.9977445770000001,0.9999625999999999
902,부읽남,2022-04-06,0.991771853,0.9999628
903,부읽남,2022-04-05,0.990816008,0.9999401
904,부읽남,2022-04-04,0.983195623,0.999948846
905,부읽남,2022-04-03,0.977816408,0.9998280479999999
906,부읽남,2022-04-02,0.97691945,0.85790002
907,부읽남,2022-04-01,0.9856492689999999,0.99986664
908,부읽남,2022-03-30,0.9712438290000001,0.99996456
909,부읽남,2022-03-29,0.966310126,0.9999583
910,부읽남,2022-03-28,0.98311449,0.999747998
911,부읽남,2022-03-26,0.975013825,0.9999553999999999
912,부읽남,2022-03-25,0.986465402,0.9999545
913,부읽남,2022-03-24,0.991306286,0.9999537000000001
914,부읽남,2022-03-23,0.999302445,0.9999534299999999
915,부읽남,2022-03-22,0.992370975,0.9999661
916,부읽남,2022-03-19,0.9941224089999999,0.999942
917,부읽남,2022-03-18,0.991960551,0.99993983
918,부읽남,2022-03-17,0.987175919,0.9991080960000001
919,부읽남,2022-03-15,0.978715323,0.9998983
920,부읽남,2022-03-14,0.9936077990000001,0.9999592
921,부읽남,2022-03-10,0.996227544,0.999942365
922,부읽남,2022-03-08,0.9893161829999999,0.964412042
923,부읽남,2022-03-07,0.976829806,0.99996184
924,부읽남,2022-03-06,0.994302771,0.9999617
925,부읽남,2022-03-05,0.9279721660000001,0.99996365
926,부읽남,2022-03-03,0.977624743,0.999964
927,부읽남,2022-03-01,0.9920452670000001,0.99992786
928,부읽남,2022-02-28,0.8873813079999999,0.9802515919999999
929,부읽남,2022-02-26,0.9880683219999999,0.9999691
930,부읽남,2022-02-24,0.9876468949999999,0.99995214
931,부읽남,2022-02-22,0.9960841819999999,0.9999652
932,부읽남,2022-02-21,0.9955661530000001,0.9999511
933,부읽남,2022-02-19,0.994706935,0.9999454
934,부읽남,2022-02-18,0.978776203,0.9999631999999999
935,부읽남,2022-02-17,0.996149715,0.9999444000000001
936,부읽남,2022-02-16,0.996165347,0.999156205
937,부읽남,2022-02-14,0.992921495,0.99993946
938,부읽남,2022-02-14,0.992156185,0.999829908
939,부읽남,2022-02-12,0.986242889,0.99996056
940,부읽남,2022-02-11,0.979095128,0.999638256
941,부읽남,2022-02-10,0.968150194,0.9999497
942,부읽남,2022-02-09,0.979487401,0.99994346
943,부읽남,2022-02-08,0.991440646,0.999910007
944,부읽남,2022-02-07,0.984244373,0.999634022
945,부읽남,2022-02-05,0.994736787,0.999844195
946,부읽남,2022-02-04,0.988409083,0.9999688999999999
947,부읽남,2022-02-03,0.976998852,0.999708145
948,부읽남,2022-02-01,0.99166156,0.999947436
949,부읽남,2022-01-31,0.996270962,0.9998387440000001
950,부읽남,2022-01-30,0.990979885,0.9999596000000001
951,부읽남,2022-01-29,0.995454842,0.9999264
952,부읽남,2022-01-28,0.996132782,0.999760612
953,부읽남,2022-01-27,0.982453795,0.99990376
954,부읽남,2022-01-26,0.965679239,0.9999330120000001
955,부읽남,2022-01-26,0.993527881,0.999910764
956,부읽남,2022-01-25,0.981209229,0.999726036
957,부읽남,2022-01-25,0.981961853,0.9996377
958,부읽남,2022-01-24,0.987215865,0.999894314
959,부읽남,2022-01-23,0.988041466,0.999743184
960,부읽남,2022-01-22,0.98250151,0.9990549910000001
961,부읽남,2022-01-21,0.996891498,0.9999545000000001
962,부읽남,2022-01-20,0.992004762,0.9999408
963,부읽남,2022-01-19,0.9806129,0.99987087
964,부읽남,2022-01-18,0.981717263,0.9999531
965,부읽남,2022-01-17,0.987861452,0.998771002
966,부읽남,2022-01-16,0.994543527,0.9999619000000001
967,부읽남,2022-01-15,0.9901947209999999,0.9999703
968,부읽남,2022-01-14,0.986568684,0.999789229
969,부읽남,2022-01-13,0.9966046310000001,0.9999531
970,부읽남,2022-01-12,0.9935496659999999,0.99996154
971,부읽남,2022-01-11,0.992886916,0.9999498
972,부읽남,2022-01-11,0.995410328,0.999909295
973,부읽남,2022-01-10,0.981237949,0.9999616
974,부읽남,2022-01-09,0.9971205080000001,0.9998157999999999
975,부읽남,2022-01-08,0.9846718649999999,0.99977159
976,부읽남,2022-01-07,0.969693452,0.9993608350000001
977,부읽남,2022-01-06,0.992831987,0.999455243
978,부읽남,2022-01-05,0.966790616,0.99996197
979,부읽남,2022-01-04,0.983813589,0.9999237999999999
980,부읽남,2022-01-03,0.992381524,0.99995764
981,부읽남,2022-01-02,0.984163249,0.9999573
982,부읽남,2022-01-01,0.9839714940000001,0.9988726259999999
983,부읽남,2021-12-31,0.988353736,0.996023881
984,부읽남,2021-12-30,0.997988892,0.9999475
985,부읽남,2021-12-29,0.9832853629999999,0.939389169
986,부읽남,2021-12-28,0.996374793,0.999704201
987,부읽남,2021-12-27,0.995144463,0.7190444930000001
988,부읽남,2021-12-26,0.984354603,0.999822067
989,부읽남,2021-12-25,0.99630829,0.9999507
990,부읽남,2021-12-24,0.965380422,0.999899114
991,부읽남,2021-12-23,0.983421152,0.996208801
992,부읽남,2021-12-22,0.997945924,0.9999611500000001
993,부읽남,2021-12-21,0.9900468179999999,0.9998484
994,부읽남,2021-12-20,0.9815172360000001,0.99992726
995,부읽남,2021-12-19,0.9889083409999999,0.9999106329999999
996,부읽남,2021-12-18,0.994530609,0.9990809669999999
997,부읽남,2021-12-17,0.990985928,0.999918287
998,부읽남,2021-12-16,0.996964368,0.99995333
999,부읽남,2021-12-15,0.985797668,0.9999266210000001
1000,부읽남,2021-12-15,0.989392841,0.9999556000000001
1001,부읽남,2021-12-14,0.995639126,0.99995365
1002,부읽남,2021-12-13,0.995148525,0.9999442
1003,부읽남,2021-12-12,0.997607554,0.999928692
1004,부읽남,2021-12-11,0.990788141,0.99995305
1005,부읽남,2021-12-10,0.989092121,0.999715403
1006,부읽남,2021-12-10,0.996517483,0.9999373
1007,부읽남,2021-12-09,0.989909801,0.999641755
1008,부읽남,2021-12-08,0.984199709,0.9998914299999999
1009,부읽남,2021-12-08,0.995011556,0.999912442
1010,부읽남,2021-12-07,0.973458685,0.9998787
1011,부읽남,2021-12-07,0.9585415310000001,0.994487742
1012,부읽남,2021-12-06,0.982193547,0.9999563
1013,부읽남,2021-12-05,0.9883160310000001,0.9999574299999999
1014,부읽남,2021-12-04,0.9959406909999999,0.9999373
1015,부읽남,2021-12-03,0.9920128330000001,0.99995804
1016,부읽남,2021-12-02,0.9898746429999999,0.9999599
1017,부읽남,2021-12-01,0.986578451,0.092702388
1018,부읽남,2021-11-30,0.9754762739999999,0.9999349
1019,부읽남,2021-11-30,0.994639717,0.999938133
1020,부읽남,2021-11-29,0.986863131,0.9999586500000001
1021,부읽남,2021-11-28,0.989408981,0.999604007
1022,부읽남,2021-11-27,0.971061003,0.999748967
1023,부읽남,2021-11-27,0.992510256,0.9999511999999999
1024,부읽남,2021-11-26,0.960817771,0.878514776
1025,부읽남,2021-11-25,0.995965852,0.9999515
1026,부읽남,2021-11-24,0.99920892,0.035667593
1027,부읽남,2021-11-24,0.976499586,0.999878337
1028,부읽남,2021-11-23,0.9977845790000001,0.9999597
1029,부읽남,2021-11-23,0.9932167340000001,0.9999633
1030,부읽남,2021-11-22,0.992315069,0.99993844
1031,부읽남,2021-11-21,0.9831770019999999,0.9999557
1032,부읽남,2021-11-20,0.975949473,0.99994126
1033,부읽남,2021-11-19,0.987453021,0.9997687120000001
1034,부읽남,2021-11-18,0.990187491,0.99996456
1035,부읽남,2021-11-17,0.997443665,0.999965
1036,부읽남,2021-11-16,0.992474116,0.9999574
1037,부읽남,2021-11-16,0.984865506,0.9999556
1038,부읽남,2021-11-15,0.9828366639999999,0.9999514
1039,부읽남,2021-11-15,0.994154514,0.99994934
1040,부읽남,2021-11-14,0.9928642529999999,0.9999266600000001
1041,부읽남,2021-11-13,0.982851592,0.999688108
1042,부읽남,2021-11-12,0.995879279,0.9999473
1043,부읽남,2021-11-12,0.98491361,0.99989876
1044,부읽남,2021-11-11,0.9866814669999999,0.9999604
1045,부읽남,2021-11-11,0.987414282,0.9999648
1046,부읽남,2021-11-10,0.9559822910000001,0.99927687
1047,부읽남,2021-11-09,0.997543325,0.9999585
1048,부읽남,2021-11-09,0.9875023009999999,0.99993047
1049,부읽남,2021-11-08,0.975621513,0.9999637
1050,부읽남,2021-11-07,0.9612595070000001,0.9999409
1051,부읽남,2021-11-06,0.994438344,0.999804989
1052,부읽남,2021-11-06,0.985182898,0.999869518
1053,부읽남,2021-11-05,0.993036864,0.9988744789999999
1054,부읽남,2021-11-04,0.957906722,0.99987335
1055,부읽남,2021-11-04,0.988978813,0.9999363
1056,부읽남,2021-11-03,0.9804874179999999,0.999688449
1057,부읽남,2021-11-02,0.986615593,0.9999207299999999
1058,부읽남,2021-11-01,0.997407124,0.99991144
1059,부읽남,2021-11-01,0.9939503940000001,0.9999581
1060,부읽남,2021-10-31,0.988188621,0.999779454
1061,부읽남,2021-10-30,0.998209673,0.9999566
1062,부읽남,2021-10-30,0.97655721,0.999821493
1063,부읽남,2021-10-29,0.980922835,0.999935
1064,부읽남,2021-10-28,0.989154605,0.9999628
1065,부읽남,2021-10-27,0.998890359,0.99995854
1066,부읽남,2021-10-27,0.984305634,0.9999560999999999
1067,부읽남,2021-10-26,0.988551887,0.999921576
1068,부읽남,2021-10-25,0.996905473,0.99994496
1069,부읽남,2021-10-24,0.995012229,0.9999509
1070,부읽남,2021-10-23,0.979897551,0.99995237
1071,부읽남,2021-10-22,0.992422366,0.9999693000000001
1072,부읽남,2021-10-21,0.98864065,0.9998366
1073,부읽남,2021-10-20,0.995098183,0.9999604000000001
1074,부읽남,2021-10-19,0.9886269089999999,0.9999610000000001
1075,부읽남,2021-10-18,0.99322982,0.9999456
1076,부읽남,2021-10-17,0.984744568,0.9999333
1077,부읽남,2021-10-16,0.991463347,0.9999561
1078,부읽남,2021-10-15,0.98374185,0.999571598
1079,부읽남,2021-10-14,0.982460875,0.9992473
1080,부읽남,2021-10-13,0.973510016,0.99995574
1081,부읽남,2021-10-12,0.985909058,0.999850206
1082,부읽남,2021-10-11,0.991172104,0.999872688
1083,부읽남,2021-10-10,0.990145434,0.9997879000000001
1084,부읽남,2021-10-09,0.994173006,0.9999384
1085,부읽남,2021-10-08,0.990033483,0.9999551
1086,부읽남,2021-10-07,0.989020747,0.9999425599999999
1087,부읽남,2021-10-06,0.9760053710000001,0.9999465599999999
1088,부읽남,2021-10-05,0.991822122,0.9996590750000001
1089,부읽남,2021-10-04,0.989897902,0.999602272
1090,부읽남,2021-10-03,0.983827653,0.999873842
1091,부읽남,2021-10-02,0.989240869,0.9999279
1092,부읽남,2021-10-01,0.9700771850000001,0.984495908
1093,부읽남,2021-09-30,0.984751782,0.9999126
1094,부읽남,2021-09-29,0.99318125,0.99996473
1095,부읽남,2021-09-28,0.991192064,0.9999547999999999
1096,부읽남,2021-09-27,0.990437746,0.99996644
1097,부읽남,2021-09-24,0.9814764530000001,0.999689509
1098,부읽남,2021-09-23,0.988945936,0.999906534
1099,부읽남,2021-09-21,0.997784047,0.9999663999999999
1100,부읽남,2021-09-20,0.990907957,0.99994634
1101,부읽남,2021-09-19,0.982729651,0.9999477999999999
1102,부읽남,2021-09-18,0.989044177,0.99996244
1103,부읽남,2021-09-17,0.983157781,0.9999186499999999
1104,부읽남,2021-09-16,0.9872703110000001,0.999663772
1105,부읽남,2021-09-15,0.9931048219999999,0.9999509
1106,부읽남,2021-09-14,0.9953676720000001,0.9999537000000001
1107,부읽남,2021-09-13,0.9828407290000001,0.9999570999999999
1108,부읽남,2021-09-11,0.998384602,0.9999669
1109,부읽남,2021-09-10,0.97648466,0.9999682
1110,부읽남,2021-09-09,0.988072402,0.99994155
1111,부읽남,2021-09-08,0.991071101,0.9999348
1112,부읽남,2021-09-07,0.991640071,0.9999287
1113,부읽남,2021-09-06,0.997006669,0.99995614
1114,부읽남,2021-09-05,0.9874351250000001,0.999912946
1115,부읽남,2021-09-04,0.98731985,0.999607071
1116,부읽남,2021-09-04,0.9717750599999999,0.9995320799999999
1117,부읽남,2021-09-03,0.9922440570000001,0.9999401
1118,부읽남,2021-09-02,0.982897233,0.9999669
1119,부읽남,2021-09-01,0.987763863,0.9999442
1120,부읽남,2021-08-29,0.983999693,0.999130356
1121,부읽남,2021-08-28,0.990417694,0.9952804359999999
1122,부읽남,2021-08-27,0.9698439160000001,0.9999419
1123,부읽남,2021-08-26,0.979545904,0.99954193
1124,부읽남,2021-08-24,0.998478993,0.9999378
1125,부읽남,2021-08-23,0.9966017340000001,0.99995576
1126,부읽남,2021-08-22,0.9762739469999999,0.999905057
1127,부읽남,2021-08-20,0.982758586,0.99992706
1128,부읽남,2021-08-19,0.963637464,0.9979342689999999
1129,부읽남,2021-08-18,0.99532127,0.9999589
1130,부읽남,2021-08-17,0.989124746,0.9999518000000001
1131,부읽남,2021-08-16,0.990012281,0.9999544
1132,부읽남,2021-08-14,0.992270339,0.99995703
1133,부읽남,2021-08-13,0.992358306,0.6346556919999999
1134,부읽남,2021-08-12,0.979612829,0.9998593
1135,부읽남,2021-08-10,0.9957770319999999,0.99993724
1136,부읽남,2021-08-09,0.9975267409999999,0.9999622
1137,부읽남,2021-08-07,0.996899565,0.99994274
1138,부읽남,2021-08-06,0.9915326959999999,0.999942343
1139,부읽남,2021-08-05,0.994319146,0.999828954
1140,부읽남,2021-08-03,0.998604193,0.9999227500000001
1141,부읽남,2021-08-02,0.997469242,0.9999593999999999
1142,부읽남,2021-08-01,0.97717538,0.9999565
1143,부읽남,2021-07-31,0.986712408,0.99988199
1144,부읽남,2021-07-30,0.989338186,0.999593351
1145,부읽남,2021-07-29,0.985855398,0.99944586
1146,부읽남,2021-07-28,0.976525662,0.9999631
1147,부읽남,2021-07-26,0.995581208,0.9998427
1148,부읽남,2021-07-23,0.994550751,0.997524973
1149,부읽남,2021-07-22,0.970944303,0.999675731
1150,부읽남,2021-07-21,0.9951617660000001,0.999935475
1151,부읽남,2021-07-19,0.997090044,0.999948034
1152,부읽남,2021-07-18,0.982919322,0.99995815
1153,부읽남,2021-07-17,0.9955953759999999,0.999856842
1154,부읽남,2021-07-16,0.994537935,0.9999278
1155,부읽남,2021-07-15,0.993337735,0.99996337
1156,부읽남,2021-07-14,0.9916815999999999,0.9999506
1157,부읽남,2021-07-12,0.977900043,0.999841843
1158,부읽남,2021-07-09,0.998848147,0.9999614
1159,부읽남,2021-07-08,0.984066332,0.9999456
1160,부읽남,2021-07-07,0.984794912,0.9999447
1161,부읽남,2021-07-05,0.989932669,0.9998247760000001
1162,부읽남,2021-07-02,0.973326948,0.9999589
1163,부읽남,2021-07-01,0.988482642,0.9998726
1164,부읽남,2021-06-30,0.996470745,0.999627657
1165,부읽남,2021-06-28,0.983868623,0.9997173039999999
1166,부읽남,2021-06-25,0.987086754,0.999347114
1167,부읽남,2021-06-23,0.9872905989999999,0.9999532999999999
1168,부읽남,2021-06-18,0.980437471,0.999890794
1169,부읽남,2021-06-14,0.9815054040000001,0.999911467
1170,부읽남,2021-06-10,0.985366593,0.999619585
1171,부읽남,2021-06-07,0.99290562,0.9999527
1172,부읽남,2021-06-04,0.973482576,0.9994048630000001
1173,부읽남,2021-06-02,0.9784002230000001,0.99995745
1174,부읽남,2021-05-31,0.98711281,0.999456546
1175,부읽남,2021-05-28,0.939371386,0.9999448
1176,부읽남,2021-05-27,0.998993778,0.9999499
1177,부읽남,2021-05-26,0.9714093659999999,0.9999412999999999
1178,부읽남,2021-05-21,0.98149119,0.99996074
1179,부읽남,2021-05-20,0.995850098,0.999933
1180,부읽남,2021-05-17,0.99891416,0.999644733
1181,부읽남,2021-05-14,0.979386045,0.9999064999999999
1182,부읽남,2021-05-13,0.998252252,0.9999609500000001
1183,부읽남,2021-05-12,0.981429662,0.99995274
1184,부읽남,2021-05-10,0.9963547869999999,0.99993415
1185,부읽남,2021-05-06,0.989038174,0.9999121
1186,부읽남,2021-05-03,0.997911593,0.99995833
1187,부읽남,2021-04-29,0.9749224519999999,0.99994955
1188,부읽남,2021-04-28,0.962496424,0.99682441
1189,부읽남,2021-04-26,0.990643982,0.999762528
1190,부읽남,2021-04-23,0.952581545,0.999482724
1191,부읽남,2021-04-22,0.968621091,0.999952
1192,부읽남,2021-04-20,0.995977589,0.9992347690000001
1193,부읽남,2021-04-16,0.985068433,0.9999239
1194,부읽남,2021-04-14,0.989251505,0.9979163010000001
1195,부읽남,2021-04-13,0.9825330470000001,0.9999416
1196,부읽남,2021-04-09,0.9991854609999999,0.9999263
1197,부읽남,2021-04-07,0.9967645580000001,0.9999357
1198,부읽남,2021-04-06,0.999047218,0.99996507
1199,부읽남,2021-04-02,0.998035562,0.9999390600000001
1200,부읽남,2021-04-01,0.9971902970000001,0.9999571
1201,부읽남,2021-03-31,0.93047819,0.99991902
1202,부읽남,2021-03-25,0.9989841389999999,0.99996033
1203,부읽남,2021-03-24,0.8734700320000001,0.997626988
1204,부읽남,2021-03-22,0.97904292,0.99883531
1205,부읽남,2021-03-19,0.933729202,0.9998465
1206,부읽남,2021-03-27,0.983250543,0.999417327
1207,부읽남,2021-03-15,0.962415874,0.999964352
1208,부읽남,2021-03-12,0.8993574329999999,0.999319826
1209,부읽남,2021-03-10,0.939855864,0.996783923
1210,부읽남,2021-03-08,0.99309288,0.9999456
1211,부읽남,2021-03-05,0.999375546,0.9997343230000001
1212,부읽남,2021-03-03,0.967740438,0.9999530999999999
1213,부읽남,2021-03-02,0.998938569,0.9999616
1214,부읽남,2021-02-26,0.9974991489999999,0.99996327
1215,부읽남,2021-02-25,0.996676939,0.9994379529999999
1216,부읽남,2021-02-24,0.944156712,0.9685111240000001
1217,부읽남,2021-02-22,0.9673998970000001,0.752291862
1218,부읽남,2021-02-19,0.991897549,0.9999035239999999
1219,부읽남,2021-02-17,0.972798417,0.9999085999999999
1220,부읽남,2021-02-15,0.994183661,0.9999536
1221,부읽남,2021-02-11,0.9866392629999999,0.999906
1222,부읽남,2021-02-10,0.9727600789999999,0.99993204
1223,부읽남,2021-02-08,0.989783618,0.9999497
1224,부읽남,2021-02-05,0.996061988,0.9999564400000001
1225,부읽남,2021-02-04,0.990320521,0.9999564
1226,부읽남,2021-02-03,0.976022024,0.99995745
1227,부읽남,2021-02-02,0.9937133979999999,0.9999182
1228,부읽남,2021-02-01,0.950897426,0.9998961169999999
1229,부읽남,2021-01-25,0.997757099,0.9995915350000001
1230,부읽남,2021-01-22,0.992824112,0.99935237
1231,부읽남,2021-01-21,0.999011234,0.99995925
1232,부읽남,2021-01-20,0.995291671,0.9998459519999999
1233,부읽남,2021-01-15,0.998394095,0.9999525
1234,부읽남,2021-01-14,0.9955221430000001,0.999777907
1235,부읽남,2021-01-11,0.9953355,0.9999361
1236,부읽남,2021-01-08,0.9997607789999999,0.99994364
1237,부읽남,2021-01-07,0.997038805,0.9999574000000001
1238,부읽남,2021-01-04,0.9980937999999999,0.9999544
1239,부읽남,2021-01-01,0.915666738,0.9999426
1240,부읽남,2020-12-31,0.996604363,0.99995305
1241,부읽남,2020-12-30,0.952616076,0.9999329
1242,부읽남,2020-12-26,0.99775643,0.19239172000000002
1243,부읽남,2020-12-24,0.990658025,0.999737278
1244,부읽남,2020-12-18,0.986930486,0.9999575
1245,부읽남,2020-12-17,0.989108193,0.9999325
1246,부읽남,2020-12-16,0.995851665,0.9998123600000001
1247,부읽남,2020-12-09,0.970050781,0.999818192
1248,부읽남,2020-12-07,0.9821528890000001,0.99995995
1249,부읽남,2020-12-02,0.9801895460000001,0.9999564
1250,부읽남,2020-11-26,0.997244249,0.99994964
1251,부읽남,2020-11-23,0.9977476270000001,0.999963
1252,부읽남,2020-11-19,0.979598828,0.9996995790000001
1253,부읽남,2020-11-18,0.99922735,0.9999403
1254,부읽남,2020-11-18,0.998592714,0.9999511
1255,부읽남,2020-11-16,0.998237366,0.9999299
1256,부읽남,2020-11-13,0.8936236769999999,0.999487476
1257,부읽남,2020-11-12,0.963242135,0.99993816
1258,부읽남,2020-11-09,0.9482030530000001,0.99995603
1259,부읽남,2020-11-05,0.9627042419999999,0.9999281
1260,부읽남,2020-11-04,0.99820555,0.999607836
1261,부읽남,2020-11-02,0.979797233,0.99994114
1262,부읽남,2020-10-29,0.9596984940000001,0.999856
1263,부읽남,2020-10-28,0.9830927199999999,0.999466841
1264,부읽남,2020-10-23,0.9625705769999999,0.9999281
1265,부읽남,2020-10-21,0.968051786,0.969703158
1266,부읽남,2020-10-15,0.99850266,0.99992453
1267,부읽남,2020-10-14,0.962901402,0.9999253
1268,부읽남,2020-10-08,0.982102551,0.63194857
1269,부읽남,2020-10-05,0.914002255,0.999838962
1270,부읽남,2020-09-28,0.996905995,0.99995565
1271,부읽남,2020-09-23,0.96095955,0.99994133
1272,부읽남,2020-09-18,0.9983708,0.9802200759999999
1273,부읽남,2020-09-16,0.952264858,0.986179698
1274,부읽남,2020-09-10,0.997664694,0.99993536
